news,code
"파주시청. 사진제공=파주시 파주시청. 사진제공=파주시

[파주=파이낸셜뉴스 강근주 기자] 파주시는 4일 관내 취약계층 1만9379가구에 대해 정부 긴급재난지원금 입금을 완료했다.파주시민이 받는 긴급재난지원금은 ‘4인 이상 가구’ 기준으로 87만1000원을 받게 되며, 3인 가구는 69만7000원, 2인 가구 52만3000원, 1인 가구 34만8000원이다.정부가 발표한 긴급재난지원금이 파주시민에게 지급한 금액과 다른 이유는 국비-지방비 부담 비율 때문이다.파주시는 이미 모든 시민에게 ‘경기도-파주시 재난기본소득’(1인당 각 10만원)을 지급하고 있어 시민에게 국비 지원금만 지급하며 4인 가구 기준으로 총 지원 금액은 ‘파주시 재난기본소득’ 40만원, ‘경기도 재난기본소득’ 40만원, ‘정부 긴급재난지원금’ 87만1000원 등 총 167만1000원을 받게 된다.취약계층이 아닌 시민은 오는 5월11일부터 소지하고 있는 신용·체크카드사 홈페이지에서 긴급재난지원금 지원을 신청할 수 있다. 세대주가 가족 지원금을 일괄 신청해야 한다.한편 파주시는 3일 김정기 부시장을 단장으로 하는 ‘긴급재난지원금 추진 태스크포스’를 구성해 긴급재난지원금이 원활하게 지급될 수 있도록 지원한다.※ 저작권자 ⓒ 파이낸셜뉴스. 무단 전재-재배포 금지",사회
"동영상 뉴스

이천 물류창고 화재 발화지점으로 지목된 지하 2층에서 산소절단기의 산소 공급 호스가 끊어진 채 발견돼, 경찰이 폭발 가능성을 수사하고 있습니다.YTN이 확보한 현장 감식 사진을 보면, 산소절단기와 연결된 산소 공급 호스가 날카롭게 절단돼 있었습니다.이에 전문가들은 산소 공급 호스가 ""기계적 충격에 의해 절단이 됐고, 실제 산소가 샜다면 폭발이 일어날 수 있다""는 의견을 제시했습니다.지하 2층에선 이 밖에도 전동절단기와 그라인더 등 불꽃을 발생시킬 수 있는 작업 도구가 다수 나와 경찰이 집중 분석하고 있습니다.경찰은 또 건물 옆에서 우레탄을 혼합해 작업 현장으로 보내는 차량을 발견해, 화재 당시 우레탄폼 발포 작업과 함께 불꽃이 튀는 화기 작업이 동시에 진행됐는지를 조사하고 있습니다.※ '당신의 제보가 뉴스가 됩니다' YTN은 여러분의 소중한 제보를 기다립니다.[카카오톡] YTN을 검색해 채널 추가 [전화] 02-398-8585 [메일] social@ytn.co.kr [온라인 제보] www.ytn.co.kr[저작권자(c) YTN & YTN PLUS 무단전재 및 재배포 금지]",사회
"황범순 의정부시 부시장 을지대학교 의정부캠퍼스 및 부속병원 공사현장 안전점검. 사진제공=의정부시 황범순 의정부시 부시장 을지대학교 의정부캠퍼스 및 부속병원 공사현장 안전점검. 사진제공=의정부시

황범순 의정부시 부시장 을지대학교 의정부캠퍼스 및 부속병원 공사현장 안전점검. 사진제공=의정부시 황범순 의정부시 부시장 을지대학교 의정부캠퍼스 및 부속병원 공사현장 안전점검. 사진제공=의정부시

[의정부=파이낸셜뉴스 강근주 기자] 황범순 의정부시 부시장은 4일 시공 중인 을지대학교 의정부캠퍼스 및 부속병원 공사현장에 방문해 긴급 안전점검을 진행했다.이번 긴급점검은 4월29일 경기도 이천시 물류창고 신축공사장 화재 참사와 관련해, 의정부에도 유사한 사례가 발생하지 않도록 사전 대비 차원에서 이뤄졌다. 특히 의정부소방서, 고용노동청 의정부지청도 동행해 소방법과 산업보건법 준수 여부 및 공사 전반적인 추진상황을 점검했다.합동점검반은 우레탄폼 발포와 용접, 금속류 절단 등 화재발생 빈도가 높은 작업 등에 대한 소방안전 관리와 밀폐된 공간의 화제 위험요소, 임시소방시설 설치 등 환경 의무사항 이행 여부 등을 집중 살펴봤다.황범순 부시장은 현장관계자들 노고를 격려하며 “항상 경각심을 갖고 화재 및 재난 예방에 만전을 다해 달라”며 “코로나 19와 관련해 건설현장 종사자 간 ‘사회적 거리두기’ 방역지침도 준수해 달라”고 요청했다.※ 저작권자 ⓒ 파이낸셜뉴스. 무단 전재-재배포 금지",사회
귀갓길 여성을 쫓아가 성범죄를 시도한 20대 남성이 구속됐습니다.서울 강남경찰서는 강간상해 혐의로 20대 A씨를 구속해 수사 중이라고 오늘(6일) 밝혔습니다.A씨는 지난달 30일 새벽 서울 강남구에서 귀가하던 피해 여성을 근처 지하철역에서부터 따라가 성폭행을 시도하려다 도망간 혐의를 받습니다.A씨는 피해 여성의 신고를 받고 주변을 수색하던 경찰에 붙잡혔습니다.이 과정에서 피해 여성은 경미한 부상을 입은 것으로 전해졌습니다.경찰은 A씨를 상대로 범행 경위 등을 추가 조사한 뒤 조만간 검찰에 넘길 방침입니다.안희재 기자(an.heejae@sbs.co.kr)※ ⓒ SBS & SBS Digital News Lab. : 무단복제 및 재배포 금지,사회
"(서울=연합뉴스) 대한약사회가 6일부터 코로나바이러스 감염증 대응 체계를 '사회적 거리두기'에서 '생활 속 거리두기'로 전환함에 따른 대국민 안내문을 발표했다.대한약사회는 ""KF94와 KF80은 황사 등 미세먼지 차단 효과에 따른 구분""이라며 ""코로나 19와 같은 침방울을 통한 감염 전파 상황에서는 효과에 큰 차이가 없다""고 밝혔다.이어 ""코로나-19 감염환자를 돌보는 보호자나 의료진이 아닌 일반인이 보건용 마스크를 착용하는 경우 KF80 사용으로 감염 예방 목적을 충분히 달성할 수 있고 오히려 호흡하기 쉬워 장시간 착용 시에는 KF80이 적합하다""고 덧붙였다.사진은 생활 속 거리두기 전환에 따른 대국민 안내 포스터. 2020.5.6[대한약사회 제공. 재판매 및 DB 금지]photo@yna.co.kr",사회
"질서정연 코로나19 확산 방지를 위한 ‘물리적 거리 두기’가 ‘생활 속 거리 두기’로 전환된 첫날인 6일 서울 용산구 국립중앙박물관에서 관람객들이 거리 두기를 하며 입장하고 있다. 국립중앙박물관은 사전예약을 해야 입장이 가능하며, 시간당 300명으로 인원을 제한한다. 김기남 기자 질서정연 코로나19 확산 방지를 위한 ‘물리적 거리 두기’가 ‘생활 속 거리 두기’로 전환된 첫날인 6일 서울 용산구 국립중앙박물관에서 관람객들이 거리 두기를 하며 입장하고 있다. 국립중앙박물관은 사전예약을 해야 입장이 가능하며, 시간당 300명으로 인원을 제한한다. 김기남 기자

‘물리적 거리 두기’가 ‘생활 속 거리 두기’로 전환된 첫날인 6일 지하철·사무실·쇼핑몰 등에는 좁은 공간에 사람들이 빽빽이 들어차 있거나 마스크를 쓰지 않은 모습도 곳곳에서 눈에 띄었다.서울 마포구에서 일하는 직장인 이모씨(33)는 “출근 지하철은 평소처럼 사람이 많아 다닥다닥 붙어서 가야 했다”며 “회사 사무실 배치도 여전히 ‘닭장’처럼 빼곡해 1m 거리 두기는 불가능하다”고 말했다. 직장인 박모씨(33)도 “사무실에 마스크를 쓴 사람이 한 명도 없다”며 “인사팀 직원이 방역책임자로 지정된 것으로 아는데, 공지 메일은 수시로 보내지만 마스크를 안 쓴다고 지적하는 일은 없다”고 했다.중앙재난안전대책본부(중대본)가 지난 3일 내놓은 ‘생활 속 거리 두기 세부지침’에 따르면 사무실에서는 ‘다른 사람과 2m(최소 1m) 이상 거리 두기’를 해야 하며, ‘실내 다중이용시설 이용 시에는 마스크를 착용’해야 한다. 직장 내 방역관리자는 매일 노동자의 체온을 검사하고, 방역지침을 잘 지키는지 확인해야 한다. 하지만 이 같은 지침이 잘 지켜지지 않고 있는 것이다.주부 이모씨(36)는 “쇼핑몰과 야외 어린이 놀이시설에 갔는데 사람이 너무 많고, 마스크를 안 쓴 어린이가 많아 볼일을 포기하고 그냥 집으로 돌아왔다”고 말했다.정부가 발표한 ‘생활 속 거리 두기’ 지침은 크게 개인방역 5대 지침과 4개 보조수칙, 집단방역 5대 핵심수칙과 31개 세부지침으로 구성돼 있다. 장례식장에서 조문객을 맞을 때는 악수보다 목례로 인사하라는 등 구체적 내용이 명시되기도 했지만, 그렇지 않은 경우가 더 많다.반면 독일 방역당국이 코로나19 확산 방지를 위해 지난 3월23일 문을 닫았던 미용실을 최근 열기로 하면서 내놓은 세부지침은 매우 구체적이다.독일 방역당국 지침에 따르면 대기손님으로 가득 차는 것을 피하기 위해 미용실은 무조건 예약제로 운영해야 한다. 비말 전파를 막기 위해 헤어드라이어 사용은 최소화하고, 머리스타일에 대한 논의도 거울을 통해 떨어져 하라고 돼 있다.김강립 중대본 1총괄조정관은 “세부지침을 계속 추가 보완하겠다”며 “(현재 31개에서) 40개 정도까지 늘리는 것을 추가로 검토하고 있다”고 말했다. 또 “생활방역위원회의 논의를 거쳐 5월 말쯤에는 개정판을 발표하겠다”고 설명했다. 정부는 생활 속 거리 두기 지침 중 반드시 지켜야 하는 사항에 대해서는 국회 논의를 통해 법제화하는 방안도 고려 중이다. 하지만 추가 수칙 발표나 국회 법제화까지 최소 한 달은 걸리는 셈이다.김창엽 서울대 보건대학원 교수(시민건강연구소 소장)는 “세부지침을 계속 추가하는 것도 필요하지만, 각 사업장에서 그 지침을 실제로 적용할 수 있도록 조언하고 점검하는 지원 시스템을 빨리 만드는 것이 중요하다”고 지적했다.물리적 거리 두기 기간 동안 구청이 ‘운영 자제 권고’가 내려진 시설을 수시로 점검하고 개선사항을 내놓은 것처럼, 생활 속 거리 두기 또한 지원 체계를 마련할 필요가 있다는 것이다. 김 교수는 “직장 내 방역의 경우 노조가 없고 직원들 목소리도 반영되기 어려운 회사가 현실적으로 많을 텐데, 노동자들의 목소리를 최대한 반영해야 현실성 있는 실행 방안이 나올 수 있다”고도 덧붙였다.이혜인 기자 hyein@kyunghyang.com©경향신문(www.khan.co.kr), 무단전재 및 재배포 금지",사회
"“코로나19에 걸렸다 나은 친구는 아무래도 좀 멀리하게 될 것 같아요. 재발 가능성 때문에요. 그리고 누가 기침만 해도 ‘쟤 코로나다’라고 놀리거나, 코로나 때문에 왕따당하는 학생이 생길 수도 있어요.” 올해 고등학교에 진학한 이모양(16)은 “등교가 시작되면 아무래도 전보단 예민한 상태로 학교에 다닐 것 같다”며 이같이 말했다.이양뿐만이 아니다. 6일 등교개학 시작을 약 일주일 앞두고 학생들 사이에선 ‘코로나 왕따’ 우려가 번지고 있다. 이날 사회관계망서비스(SNS)에선 ‘등교개학의 문제점’이란 게시물이 공유되고 있는데, 여기에는 이동수업이나 급식시간 중 감염 우려뿐 아니라 ‘따돌림’ 항목도 포함돼 있다.‘선풍기 이용 금지’ ‘화장실도 무조건 참아야 함’ 등 일부 내용은 부정확한 정보를 바탕으로 작성된 것이지만, ‘코로나 왕따’는 코로나19 환자에 대한 사회적 낙인과 배제가 학교에서도 발생할 수 있다는 현실적인 우려다. 구체적으로는 ‘천식·감기 등의 학생들이 기침하면 시선이 쏠릴 것’ ‘개학했다 한 명이 코로나 걸려서 전염되면 왕따 가능성 있음’ 등이 담겼다.특히 천식 등 호흡기 기저질환을 앓고 있는 학생들은 누구보다 걱정이 크다.고3 전모양(18)은 “오랜만의 등교를 앞두고 조금 설렌다. 온라인수업보다는 직접 수업을 듣는 게 이해도 더 잘된다”면서도 “천식이 있어 기침을 조절할 수 없는데, 기침하면 친구들의 시선이 좋지 않을 것 같다”고 우려했다. 역시 천식이 있는 중2 김모양(14)은 “호흡곤란이 자주 와서 장시간 마스크를 쓰면 답답하고 어지러운데, 잔기침을 할 때 쏠리는 시선이 불편할 것 같다”고 말했다.사실상 ‘새 학기 시작’이나 마찬가지인 등교개학 이후 어떻게 새 친구를 사귀어야 할지도 고민거리다. 이모양(17)은 “코로나는 언제 어디서 걸리는지 모르기 때문에 학교에 모여 있다 보면 나도 의심환자가 될까 우려된다. 선생님 말씀을 안 듣고 ‘코로나 옮긴다’고 장난치는 애들도 있을까 걱정”이라고 말했다.김서영·박채영 기자 westzero@kyunghyang.com©경향신문(www.khan.co.kr), 무단전재 및 재배포 금지",사회
"1977년 메이저리그 LA 다저스의 시즌 마지막 경기였다. 신인 타자 더스티 베이커(현 휴스턴 애스트로스 감독)가 휴스턴과의 경기에서 시즌 30호 홈런을 때렸다. 다저스 사상 처음으로 4명의 30홈런 타자를 배출하는 순간이었다. 기념비적인 홈런을 치고 홈으로 들어오는 베이커를, 같은 신인 동료 글렌 버크가 기다리고 있었다. 버크는 오른손을 번쩍 들었고, 돌아오던 베이커가 오른손을 함께 들어 ‘짝’ 마주쳤다. 역사적인 ‘하이파이브’가 탄생하는 순간이었다.이후 많은 스포츠에서 하이파이브는 성공적인 플레이에 대한 축하 세리머니로 자리 잡았다. 남녀 스포츠를 가리지 않고, 두 손을 마주치는 장면은 ‘함께’라는 의미를 더한다. 만화 속 강백호와 서태웅의 하이파이브 장면은 두 주인공이 한마음 한뜻으로 뭉쳤다는 것을 상징적으로 보여주며 많은 팬들의 가슴에 박혔다.하지만 코로나19는 ‘하이파이브’의 멸종을 가져왔다. 포스트 코로나19 시대에서 맨손 접촉은 금기시된다. 지난 5일 개막한 프로야구 KBO리그는 코로나19 대응 매뉴얼에 ‘하이파이브 금지’를 명문화했다. 홈런을 치고 들어올 때 주루코치와, 홈에서 기다리는 동료와 자연스레 나누는 하이파이브는 탄생 때처럼 야구의 상징과도 같은 장면이지만 더 이상 보기 어렵다. 코로나19 바이러스의 절멸이 선언되더라도 맨손 접촉 금지의 트라우마가 생기는 상황에서 하이파이브는 역사에만 남을 가능성이 높다. 뉴욕타임스는 “스포츠의 상징적 행위인 하이파이브가 사라질 수도 있다”고 전했다.하이파이브와 함께 버락 오바마 전 미국 대통령의 시그니처 동작이던 ‘주먹 맞대기’도 사라질 위기에 놓였다. 경기 전 페어플레이를 다짐하는 각종 행사도 사라진다. 축구와 농구, 배구 등 코트를 반으로 나눠 쓰는 대부분의 구기 종목들은 경기 전후 하프라인에 모여 악수를 나누는 것이 기본이었다. 대신 팔꿈치 맞부딪치기가 대안으로 나오지만 이를 바라보는 느낌과 감동은 예전과 사뭇 다르다.하이파이브의 멸종보다 팬들을 더욱 슬프게 하는 건, 좋아하는 선수들에 대한 ‘사인 요청 금지’다. 코로나19 초기, 잉글랜드 프리미어리그 리버풀의 위르겐 클롭 감독은 경기장으로 들어갈 때 팬들이 손을 내밀자 “손 치워”라고 강하게 거부했다. 당시까지만 해도 팬들로부터 펜을 건네받는 행위가 금지되는 수준이었지만, 이후에는 아예 2~3m 이내 접근 금지가 명문화됐다.사인 요청을 위한 접근이 원천 봉쇄된다. KBO리그 롯데는 고가의 유니폼 구매 고객 대상으로 ‘사인을 대신 받아드립니다’ 이벤트를 벌이지만 기다렸다가 ‘나만의 사인’을 ‘직접’ 받는 것과 의미가 상당히 다르다. KBO리그 구단 관계자는 “코로나19 이후 보다 안전한 사인 문화를 위한 검토가 필요하다”고 말했다.이용균 기자 noda@kyunghyang.com©경향신문(www.khan.co.kr), 무단전재 및 재배포 금지",사회
"6일 등교수업을 앞둔 경북 한 학교의 보건실에는 손소독제, 마스크 등 방역물품이 상자째 쌓여 있다. 여러 차례 연기됐던 만큼 학교에서는 모의훈련까지 하면서 등교수업을 준비하고 있다.하지만 코로나19가 완전히 종식된 것은 아니기 때문에 교사와 학부모는 여전히 안심하기 어려운 상황이다.교사 ㄱ씨는 학생 600여명이 있는 중학교에서 근무한다. 이날도 동료 교사들과 회의를 하며 눈에 띄는 문제점을 하나씩 해결해 나갔지만, 학생들이 방역지침을 잘 따라줄지 걱정이다. ㄱ씨는 “학생들이 마스크를 계속 잘 쓰고 있을지, 마스크를 까먹고 안 가져오는 학생도 있을 텐데 학교에서 마스크를 충분히 나눠줄 수 있을지도 염려된다”고 말했다.코로나19로 늘어난 방역업무를 나눠 맡는 것도 문제다. 배정옥 교사(전국보건교사노조 위원장)가 근무하는 학교는 보건실 옆의 운영회의실을 ‘일시적 관찰실’로 지정했다. 증상이 있는 학생을 다른 학생과 분리해두기 위해서다.하지만 아직 일시적 관찰실을 관리할 교사는 지정하지 못했다. 배 교사는 “보건교사가 관리를 맡으면 다른 학생들을 돌볼 수가 없고, 의심증상 학생이 확진 판정을 받으면 보건실을 폐쇄하는 상황이 올 수도 있다”며 “학교 내에서 업무 분담이 잘돼야 하는데 지침상으로는 누가 어떤 역할을 해야 하는지 명확하지 않다”고 말했다.보건교사가 아예 없는 학교도 있다. 지난 1일 기준으로 전국 1만1943개 초·중·고등학교와 특수학교에 배치된 보건교사는 1만202명으로 1741개 학교(14.6%)에는 보건교사가 없다. 보건교사에 간호사 등을 더한 ‘보건인력’이 없는 학교는 전체의 6.2%인 741곳이다.이윤경 참교육학부모회 서울지부장은 “아이들이 마스크를 쓰고 6~7교시를 버틸 수 있을지 모르겠다”며 “몸이 안 좋은 학생도 있고, 같이 사는 가족 중에 환자나 임산부가 있는 학생도 있다. 등교수업에 선택권이 있어야 한다”고 말했다.박채영 기자 c0c0@kyunghyang.com©경향신문(www.khan.co.kr), 무단전재 및 재배포 금지",사회
"경찰 로고./뉴스1 © News1 신채린 기자 경찰 로고./뉴스1 © News1 신채린 기자

(서울=뉴스1) 이상학 기자 = 경찰이 지적장애를 갖고 있는 또래 학생을 때려 중상을 입힌 혐의로 중학생 2명을 검찰에 송치했다.서울 강동경찰서는 최근 중학생 A군을 공동폭행 혐의로 구속해 검찰에 송치했으며, 같은 혐의를 받는 B군을 불구속 송치했다고 6일 밝혔다.이들은 지난달 서울 강동구 한 골목 주차장에서 피해 학생을 폭행한 혐의를 받고 있다.지적장애를 앓고 있던 것으로 알려진 피해 학생은 머리 등을 다쳐 병원으로 옮겨져 수술받은 것으로 전해졌다.당시 현장에 다른 학생들도 있었지만, 경찰은 A군과 B군만 폭행에 관여한 것으로 보고 있다.이들은 경찰 조사에서 피해 학생이 자신들을 모욕하는 말을 해 화가 나서 때렸다고 진술한 것으로 알려졌다.shakiroy@news1.kr© 뉴스1코리아( news1.kr ), 무단 전재 및 재배포 금지",사회
"안병용 의정부시장 이천화재 희생자 합동분향소 헌화. 사진제공=의정부시 안병용 의정부시장 이천화재 희생자 합동분향소 헌화. 사진제공=의정부시

안병용 의정부시장-안승조 충남지사 이천화재 희생자 조문 간담. 사진제공=의정부시 안병용 의정부시장-안승조 충남지사 이천화재 희생자 조문 간담. 사진제공=의정부시

안병용 의정부시장 이천화재 희생자 조문 뒤 엄태준 이천시장 위로. 사진제공=의정부시 안병용 의정부시장 이천화재 희생자 조문 뒤 엄태준 이천시장 위로. 사진제공=의정부시

[안병용 의정부시장은 5일 이천시 서희청소년문화센터 강당에 마련된 이천 물류창고 화재 희생자 합동분향소를 찾아 조문했다.4월29일 이천시 소재 물류창고에서 발생한 화재로 48명의 사상자가 발생했으며, 화재 원인은 현재 조사 중에 있다.안병용 시장은 합동분향소 헌화를 마친 뒤 유족에게 깊은 조의를 표하고 엄태준 이천시장에게 보다 빠른 사고 수습에 의정부시 및 경기도시장군수협의회 차원에서 협조를 다하겠다고 위로했다.한편 안병용 시장은 1일에도 이천시청에 방문해 협의회와 의정부시 성금 각 500만원 등 총 1000만원을 전달한 바 있다.※ 저작권자 ⓒ 파이낸셜뉴스. 무단 전재-재배포 금지",사회
"이재용 삼성전자 부회장의 6일 대국민 사과가 그를 상대로 한 수사·재판에 어떤 영향을 끼칠지 주목된다. 검찰은 제일모직·삼성물산 합병과 이에 따른 경영권 승계 의혹과 관련해 이 부회장을 수사선상에 올려놓고 있다. 또 법원에서는 이 부회장 뇌물 사건의 파기환송심이 진행 중이다.서울중앙지검 경제범죄형사부는 최근 정현호 삼성전자 사장, 최치훈 삼성물산 이사회 의장, 김태한 삼성바이오로직스 대표 등 삼성의 사장급 임원들을 잇따라 소환 조사하고 있다. 제일모직·삼성물산 합병을 통한 경영권 승계 의혹과 이와 연결된 삼성바이오의 분식회계 의혹 등을 확인하기 위해서다. 검찰은 조만간 임원들의 신병처리 방향을 결정하고 이 부회장을 소환 조사할 것으로 관측된다.이 부회장의 대국민 사과에도 불구하고 검찰은 계획대로 수사를 진행할 것으로 보인다. 검찰 관계자는 “이 부회장의 발표에 대한 별도 입장은 없다”며 “수사 의지는 충분히 있다”고 말했다. 지난해 수사에 관여했던 검찰 관계자도 “사과는 사과, 수사는 수사”라고 했다. 전성인 홍익대 경제학부 교수는 “수사를 지휘하는 이복현 경제범죄형사부장이 과거부터 수사를 이어온 만큼 자발적으로 수사 일정을 회피하지는 않을 것으로 본다”고 말했다.이 부회장은 이날 경영권 승계 의혹이 논란이 된 점은 사과했지만, 경영권 승계 사실을 명확히 인정하지는 않았다. 이는 향후 검찰 조사에 대비하기 위한 차원으로 풀이된다. 판사 출신의 한 변호사는 “이 부회장이 경영권 승계 과정에 문제가 있었다는 점을 인정했다면, 경영권을 승계 이전 상태로 복구해야 한다는 요구에 직면할 수밖에 없었을 것”이라고 말했다.이 부회장의 사과가 그의 국정농단 사건 재판에 유리하게 작용할지는 지켜봐야 한다. 대법원은 지난해 8월 이 부회장이 박근혜 전 대통령에게 경영권 승계작업 관련 부정한 청탁을 했다고 인정했다. 문제는 양형이다. 법원은 이 부회장에게 사과를 권고한 삼성 준법감시위원회의 운영이 감경사유가 될 수 있다고 보는 반면, 시민사회에서는 준법감시위 도입은 면죄부라고 비판했다.서울고법 형사1부(재판장 정준영)는 지난해 10월 미국의 연방양형지침서 8장을 모티브로 한 준법감시제도 도입을 처음 거론했다. 그러자 정치권과 시민단체들이 ‘재벌 총수 봐주기’라며 문제를 제기했다. 특검은 정 재판장이 불공정한 재판 진행을 했다면서 그에 대한 기피신청까지 냈다. 특검은 한국 특유의 재벌체제 속에서는 준법감시제도가 실효성이 없고, 준법감시제도 도입을 양형에 반영할 법적 근거도 없다고 했다. 현직 판사가 법원 내부통신망에 공개적으로 준법감시제도의 양형 반영을 비판하는 글을 올리기도 했다.그럼에도 준법감시제도 도입을 이 부회장의 감형에 반영할 가능성은 여전히 남아 있다. 서울고법 형사3부(재판장 배준현)가 지난달 17일 특검의 정 재판장 기피신청을 기각하면서, 법원이 준법감시제도 도입을 유리한 양형사유로 고려해도 위법하지 않다고 판단했기 때문이다. 재판부는 현행 양형기준에 양형요소로 규정돼 있는 ‘진지한 반성’에 준법감시제도 도입이 해당될 수 있다고 했다. 특검은 기피신청 기각에 대해 대법원에 재항고 했다.윤지원·이혜리 기자 yjw@kyunghyang.com©경향신문(www.khan.co.kr), 무단전재 및 재배포 금지",사회
"동영상 뉴스

[앵커]다음 주 고등학교 3학년부터 순차적인 등교수업이 시작되는데, 교실 방역에 난제가 등장했습니다.바로 때 이른 더위 때문인데요.교실 에어컨을 틀자니 코로나19 전파 가능성이 있기 때문입니다.김종균 기자입니다.[기자]등교수업을 준비하는 선생님은 벌써 여름 교실이 걱정입니다.[이종대 / 서울 도선고 교사 : 사실 선생님들께서도 걱정하는 부분이 마스크를 쓰고 3~4시간씩 수업을 하는 것에 대한 체력적인 부담, 그다음에 더위, 이런 것들 때문에 많은 걱정을 하고 계십니다.]학교에서 마스크 착용은 의무입니다.아무리 더워도 학생은 교실에서 마스크를 쓰고 공부해야 합니다.문제는 시원한 에어컨입니다.지난 3월 교육부가 내놓은 '등교 개학 시 지켜야 할 수칙'을 보면, 에어컨이나 공기청정기를 사용하지 말라고 권고하고 있습니다.교실 에어컨을 통해 바이러스가 전파될 가능성을 우려해섭니다.하지만 최근 기온이 오르면서 교실 에어컨 사용 금지 수칙을 그대로 적용하기는 어려워 보입니다.[설대우 / 중앙대 약학대학 교수 : 마스크는 굉장히 중요한 보호 수단인데도 기온이 높아지고 에어컨을 틀지 못하기 때문에 마스크를 벗음으로 해서 오히려 학생들이 위험에 빠질 수 있는 것이거든요.]마스크를 벗을 수도 없고 에어컨을 켜지 않을 수도 없는 상황.자주 교실을 환기하는 방법 외에는 뾰족한 수가 없어 보입니다.[정은경 / 중앙방역대책본부장 : 현재 에어컨을 사용하더라도 수시로 창문을 통해서 환기를 같이 시키면서 사용하면 가능하다고 보고 있어서 그런 부분들에 대해서는 계속 전문가들 의견을 모아서….]교실 창문을 열어놓고 에어컨을 틀자는 의견도 나왔습니다.[이재갑 / 한림대 강남성심병원 감염내과 교수 : 어느 정도 전력의 낭비를 고려하더라도 환기를 시켜놓고, 창문을 에어컨 방향 반대쪽으로 해서 공기의 흐름이 한쪽 방향으로 흐를 수 있게끔 창문을 열어놓고 에어컨을 트는 방법도 고려할 필요가 있고요.]여름방학을 줄여 8월에도 교실 수업을 해야 하는 선생님과 학생들은 혼란스럽습니다.교육부는 에어컨 사용에 대한 새로운 지침을 마련하기로 했지만, 아직 결정된 건 없습니다.YTN 김종균[chongkim@ytn.co.kr]입니다.※ '당신의 제보가 뉴스가 됩니다' YTN은 여러분의 소중한 제보를 기다립니다.[카카오톡] YTN을 검색해 채널 추가 [전화] 02-398-8585 [메일] social@ytn.co.kr [온라인 제보] www.ytn.co.kr[저작권자(c) YTN & YTN PLUS 무단전재 및 재배포 금지]",사회
"38명의 사망자가 발생한 경기 이천 물류창고 화재 현장에서 6일 경찰과 소방 등 관계기관이 세 번째 합동 감식을 했다. 고용노동부는 시공사에 대한 특별감독에 착수했다.이날 현장 감식은 불이 시작된 지점을 특정할 수 있는 건물 지하부의 탄 흔적 등을 분석하는 데 초점이 맞춰졌다. 건물 전체에 설치된 전기와 가스 시설에 대한 감식도 병행했는데, 경찰은 사고 초기와 마찬가지로 불이 건물 지하부에서 시작된 것으로 추정했다.경찰 관계자는 “1∼3차 현장 감식에 대한 국립과학수사연구원의 최종 감정 결과가 언제 나올지는 예단하기 어렵다”고 했다.이날 노동부는 이천 물류창고 공사 현장 시공사를 상대로 7일부터 2주간 특별감독에 들어간다고 밝혔다. 특별감독은 화재 사고 현장뿐 아니라 원청 시공사인 건설업체 본사와 (주)건우가 시공 중인 전국 물류·냉동창고 3곳을 대상으로 한다. 아울러 이번 사고 희생자 대부분이 하청업체 소속 일용직 노동자들인 만큼 건우가 하청노동자를 위한 안전조치 의무를 제대로 이행했는지 점검할 계획이다. 노동부는 또 이번과 같은 대형화재 재발을 막기 위해 전국 건설 현장 337곳을 대상으로 7일부터 5주간 긴급감독을 벌일 예정이다.최인진·이효상 기자 ijchoi@kyunghyang.com©경향신문(www.khan.co.kr), 무단전재 및 재배포 금지",사회
"동영상 뉴스

[앵커]코로나19 신규 확진자가 2명 발생해 78일 만에 최저치를 기록했습니다.방역 당국은 생활 속 거리 두기가 새로운 일상이 될 수 있도록 개인방역 수칙을 지켜줄 것을 강조했습니다.한영규 기자가 보도합니다.[기자]코로나19 신규 확진자가 하루 동안 2명 발생했습니다.지난 2월 18일 이후 78일 만에 최저치를 기록했습니다.신규 환자 2명은 검역 단계에서 확진됐고 국내에서 지역 감염 사례는 없었습니다.수도권과 대구 경북 등 전국 모든 지역에서 사흘 연속 신규 환자 발생이 없었습니다.[김강립 / 중앙재난안전대책본부 1총괄조정관 : 최근의 안정적인 방역상황에도 불구하고 코로나19의 위험이 끝나지 않았다는 점을 명심해주십시오. 손 씻기, 기침 예절, 마스크 착용 등 방역수칙을 철저히 지켜주실 것을 당부드립니다.]방역 당국은 상황이 악화할 경우 언제든 강화된 사회적 거리 두기로 돌아갈 수 있다고 밝히고 있습니다.생활 속 거리 두기가 새로운 일상이 될 수 있도록 개인과 사회가 함께 노력하는 것이 필요하다고 강조했습니다.[정은경 / 중앙방역대책본부장 : 아프면 3~4일 집에 머물기 그리고 두 팔 간격의 건강한 거리 두기, 손 씻기, 기침 예절, 매일 2번 이상의 환기와 주기적인 소독 그리고 '거리는 멀어져도 마음은 가까이'라는 개인방역 5대 기본수칙을 준수해 주실 것을 당부를 드립니다.]65세 이상 노인과 고위험군은 가급적 집에 머물고, 아플 때는 보건소에 연락하고 선별진료소를 방문해 진료를 받아야 합니다.외출할 때는 2m 거리 두기가 어려운 밀폐된 장소에는 가지 않는 것이 중요합니다.특히 연휴 기간 여행과 모임이 많아졌기 때문에 가족이나 여행 동행자 중 2명 이상 유증상자가 발생하면 선별진료소에서 검사를 받는 것이 필요합니다.YTN 한영규입니다.※ '당신의 제보가 뉴스가 됩니다' YTN은 여러분의 소중한 제보를 기다립니다.[카카오톡] YTN을 검색해 채널 추가 [전화] 02-398-8585 [메일] social@ytn.co.kr [온라인 제보] www.ytn.co.kr[저작권자(c) YTN & YTN PLUS 무단전재 및 재배포 금지]",사회
"/뉴스1 DB. /뉴스1 DB.

(서울=뉴스1) 이상학 기자 = 밤에 귀가하던 여성에게 성범죄를 시도한 20대 남성이 구속됐다.서울 강남경찰서는 강간상해 혐의로 A씨를 구속해 수사하고 있다고 6일 밝혔다.A씨는 지난달 30일 피해 여성을 인근 지하철 역에서부터 따라가 성폭행을 시도하려다가 도망간 혐의를 받는다.피해 여성이 저항하자 놀란 A씨는 도망갔으며, 신고를 받고 주변을 수색하던 경찰에 체포됐다.피해 여성은 이 과정에서 경미한 부상을 입은 것으로 전해졌다.shakiroy@news1.kr© 뉴스1코리아( news1.kr ), 무단 전재 및 재배포 금지",사회
"메건 마클 왕자비와 아들 아치의 모습[세이브더칠드런 인스타그램 캡처. 재판매 및 DB 금지] 메건 마클 왕자비와 아들 아치의 모습[세이브더칠드런 인스타그램 캡처. 재판매 및 DB 금지]

코로나19 기부 유도 위해 세이브더칠드런 인스타그램에 올려(런던=연합뉴스) 박대한 특파원 = 영국 해리(35) 왕자(서식스 공작)와 메건 마클(38) 왕자비(서식스 공작부인) 부부가 아들의 첫 돌을 맞아 새 영상을 공개했다.6일(현지시간) 스카이 뉴스에 따르면 해리 왕자 부부는 이날 국제구호개발 비정부기구(NGO)인 세이브더칠드런 인스타그램 계정에 동영상을 올렸다.영상은 마클 왕자비가 아들 아치를 무릎에 앉힌 뒤 그림책 '오리! 토끼!'를 읽어주는 모습을 담았다.아치는 엄마 무릎 위에서 이리저리 움직이는가 하면, 다른 책을 집었다가 떨어뜨리기도 했다.영상은 해리 왕자가 찍었다.이날은 아치가 돌을 맞은 날이다.부부의 첫째 아이인 아치는 지난해 5월 6일 런던의 포틀랜드 병원에서 태어났다.정식 이름은 '아치 해리슨 마운트배튼-윈저'(Archie Harrison Mountbatten-Windsor)다.해리 왕자 부부는 신종 코로나바이러스 감염증(코로나19) 대응 기금 마련을 돕기 위해 이날 세이브더칠드런 소셜미디어에 영상을 올렸다.해리 왕자 부부 대변인은 ""공작과 공작부인은 수백만명의 어린이들에게 음식과 배움에 필요한 자원이 시급하다는 점을 알리고 싶었다""면서 ""공작부인은 아치가 가장 좋아하는 책을 읽어주기로 했다""고 설명했다.왕위 고위구성원에서 독립을 선언한 해리 왕자 부부는 영국을 떠난 뒤 캐나다를 거쳐 현재 미국 로스앤젤레스(LA)에 정착했다.pdhis959@yna.co.kr",사회
"국내 최초로 건립되는 노동문학관이 6일 첫 삽을 떴다.‘노동문학관건립위원회(위원장 정세훈, 시인)는 이날 오전 충남 홍성군 광천읍 월림리 162의2 현장에서 착공식을 갖고 오는 7월 20일 개관을 목표로 본격적인 건축 공사에 착수했다.민족시각문화교류협회 배인석 상임이사의 사회로 진행된 착공식에는 강원민예총 김흥우 이사장, 정의당 이선영 충남도의원, 더불어민주당 최선경 전 군의원, 이부균 홍성군행정복지국장, 신주철 광천읍장, 가수 이지훈 등이 참석, 착공을 축하했다.착공식에서 정세훈 위원장은 “일제 강점시기 카프와 전태일 열사 분신이후의 노동문학 관련 소중한 자료들이 손실되고 있다”며 “그 자료들을 모아서 잘 보관해야겠다. 더 나아가 노동문학을 조명하고, 노동문학이 향후 유구토록 우리 한국사회의 올바른 길잡이가 되도록 노동문학관을 건립하고자 한다”고 강조했다.정 위원장은 또 “건축을 위해 현재 살고 있는 아파트를 줄여 건립자금을 마련했지만 건축비가 예상보다 많이 들어가 부족한 것을 채우기 위해 SNS 등을 활용한 모금 등 다방면으로 노력하고 있다”면서 “향후 충청남도 또는 홍성군과 협의해 현 부지의 노동문학관을 확장하고, 그 중심으로 주변에 관련 ‘시비동산’과 ‘조각공원’ 등 예술마을을 조성해 전국에서 보다 많은 관람객들이 찾아오는 예술명소로 조성할 생각”이라고 밝혔다.이곳에서는 매년 문학, 그림, 풍물, 춤, 사진, 노래 등 노동관련 모든 예술 장르가 참여하는 전국노동예술제를 3박4일 정도 개최될 예정이다.이 예술제는 향후 세계노동예술제로 확대 승화시켜 노동문학관을 국내는 물론 세계에 널리 알리는 것은 물론 노동문학의 세계적 명소로 추진된다.착공식은 김윤환(시인) 목사의 감사예배 인도로 시작됐다.김 목사는 1989년에 시인으로 등단한 노동문학가다.김 목사는 “노동자의 땀과 눈물, 희망을 담아 노동문학관의 첫 삽을 뜨는 고귀한 시간”이라며 “자본의 도구화 되어 버린 인간의 노동이 어디로 향해야 할지 방향을 정립할 수 있도록 노동문학이 그동안 걸어온 발자취를 기록‧기억하는 공간이 되길 기원한다”고 말했다.건축설계를 담당한 건축사사무소 노둣돌 이윤하 대표(시인)는 “노동문학관 건립 소식을 접하고 내가 먼저 자청해 설계를 담당하겠다고 자원해 함께하게 됐다”며 “건물 디자인의 수평선은 노동의 일상성과 평등권의 가치를 상징한다. 수직선은 노동, 인권, 진보에 대한 기대를 담아 단순화 했고, 장래 외부 확장을 염두에 두었다. 전체적으로 너무 멋스럽지 않으면서 풍부한 내용을 담아 책을 품는 공간을 구상해 설계했다”고 설명했다.정세훈 위원장은 리얼리스트100 상임위원(대표), 한국작가회의 이사, 한국민예총 이사장 대행, 소년희망센터건립추진위원회 위원 등을 역임했으며, 제32회 기독교문화대상을 수상했다. 현재 인천민예총 이사장, 황해평화포럼 평화인문분과위원, 위기청소년의좋은친구어게인 이사, 소년희망센터 운영위원 등으로 활동하고 있다.정창교 기자 jcgyo@kmib.co.krGoodNews paper ⓒ 국민일보(www.kmib.co.kr) , 무단전재 및 재배포금지",사회
"기사 섹션 분류 안내

기사의 섹션 정보는 해당 언론사의 분류를 따르고 있습니다. 언론사는 개별 기사를 2개 이상 섹션으로 중복 분류할 수 있습니다.

닫기",사회
"이남식 서울예대 총장(왼쪽) 안심키트 배포. 사진제공=서울예대 이남식 서울예대 총장(왼쪽) 안심키트 배포. 사진제공=서울예대

서울예대 안심대문. 사진제공=서울예대 서울예대 안심대문. 사진제공=서울예대

[안산=파이낸셜뉴스 강근주 기자] 5월6일부터 대면 수업에 들어가는 서울예술대학교는 교내에 ‘안심대문’ 및 ‘안심대기실’을 설치하고 재학생 및 교직원 전원에게 전달할 ‘안심키트’를 제작하는 등 학생이 안심하고 등교할 수 있는 환경 조성에 나섰다.코로나19 사태 초기이던 2월3일 입학학생처 내에 감염병관리대응팀을 구성한 서울예대는 그동안 수차례 학교 시설을 방역하고 비대면 수업을 진행 중인 학생을 위한 대응 조치 안내문을 발송하는 등 코로나19 확산 방지를 위한 조치를 취해 왔다.5월6일로 대면 수업 개시일이 확정된 뒤에는 학생 등교를 위한 준비에 본격 나서 우선 교내에 안심대문 및 안심대기실을 설치, 운영하고 있다. 등교 학생 중 유증상자 및 무증상자 중 확진자를 선별, 적절한 초기 대응 조치를 취하고자 설치된 안심대문은 서울예대 상징물인 빨간다리(예술정보센터) 아래에 자리하고 있다.교내에 출입하는 모든 학생은 안심대문 앞에서 선별지를 작성, 제출한 후 열감지 카메라를 통과해야 학교에 들어설 수 있다. 안심대문 통과 시 유증상자 혹은 고열 등 의심 증상자가 발견되면 안심대문 인근 안심대기실로 안내한 후 관내 보건소 선별 진료소와 연락해 추후 조치를 취하게 된다.안심대문은 현재 교직원을 대상으로 시범 운영 중이며, 5월6일부터 본격 운영된다. 서울예대는 학생의 안심대문 이용 안내를 위해 관련 홍보 동영상도 제작해 홈페이지에 게시했다.학교 구성원에게 배포할 안심키트는 학생용 3200개, 교직원용 600개 등 총 4000여개로 손소독제, 살균소독제, 마스크, 살균 티슈, 비타민 음료 등으로 구성돼 있다.안심키트는 안심대문을 통과하는 재학생 및 교직원 전원에게 전달된다. 안심키트에 동봉된 개인용 살균소독제 4000개는 3월23일 박인태 에이치엔티 대표(서울예대 광고창작 전공)가 재학생을 위해 기부한 것이다.서울예대는 대면 수업에 따른 ‘교내 코로나19 감염증 확산 대비 지침사항’도 홈페이지를 통해 안내했다. 지침은 △코로나19 관련 정보 △예방 생활수칙 및 행동요령 △대면 수업 이후 학교생활 대응 △감염 의심자 및 확진자 발생 △시설관리 대응 △교내 방역 및 소독 지침 등으로 구성돼 있다.한편 서울예대는 코로나19 사태 장기화로 어려움을 겪는 재학생을 응원하기 위해 서울예대 재학생과 교수, 연예인 동문의 메시지를 담은 ‘코로나19 극복을 위한 릴레이 응원 영상’을 SNS에 게재하고 있다.TV 오디션 프로그램 ‘미스터 트롯’에 출연한 옥진욱씨(공연학부 재학)를 시작으로 실용음악 전공 우디 박 교수, 배우 장현성(연극 전공), 안재욱(연극 전공) , 장항준 감독(연극 전공) 개그맨 김용만(방송영상 전공), 김진수(연극 전공) 등이 참여했다.한편 코로나19 극복 응원 영상 https://www.youtube.com/channel/UCsWJLCCNX-Y7sA_CUYV1Qfw은 서울예대 공식 유튜브, 페이스북과 인스타그램에서 볼 수 있다.※ 저작권자 ⓒ 파이낸셜뉴스. 무단 전재-재배포 금지",사회
"[헤럴드경제=고승희 기자] 문화체육관광부는 한국문화예술위원회 7기 비상임위원으로 다문화극단 ㈜샐러드 박경주(52) 대표 등 8명을 위촉했다고 6일 밝혔다.신임 위원으로는 박 대표를 비롯해 유은선(58) 한국예술종합학교 강사, 이시백(64) 소설가, 이원재(48) 시민자치문화센터 소장, 이진희(43) 장애여성공감 대표, 전고필(52) 전라도지오그래픽 연구소장, 정유란(45) 문화아이콘 대표, 홍태림(34) ‘크리틱-칼’ 발행인이 위촉됐다. 임기는 2022년 5월 5일까지 2년이다.예술위원은 이미 활동 중인 위원 3명(위원장 제외)에다 신임 위원 8명을 더해 총 11명이다.7기 위원은 공모로 구성된 후보추천위원회 추천을 받아 문학, 연극, 전통예술, 미술, 문화일반(다원예술·장애인예술·지역문화 등) 등 분야별 전문성과 경험, 변화하는 문화예술현장 대표성을 고려해 선발했다.특히 남녀 각 4명(50%), 30~40대와 50~60대 각 4명(50%)으로 성별, 연령별 균형과 대표성을 고려했으며, 청년들에게 실제 필요한 지원을 확대하고자 최초로 30대 청년예술가를 위촉했다고 문체부는 설명했다.문체부와 예술위는 지난해 11월 임기가 종료된 예술위 비상임위원 8명을 채우기 위해 지난해 9월부터 후보추천위를 구성하고 공모 절차를 진행했다.하지만 최종후보자 16명 전원이 남성으로 선정된 데 대한 비판이 일자, 선임 절차를 중단하고 공청회 등을 거쳐 제도를 개선한 뒤 지난 2월 후보추천위 구성부터 위촉 절차를 재개했다.문체부 관계자는 “그간 현장에서 제기된 다양한 의견을 고려해 공정하고 투명한 과정을 거쳤으며, 특히 성별 균형과 청년 대표성을 확보해 실제 현장을 대변할 수 있는 위원회를 구성하고자 노력했다”고 말했다.예술위는 문화예술 진흥을 위한 사업과 활동을 지원하는 대표적인 문화예술지원기관으로 매년 2천억 원 이상의 문화예술진흥기금을 집행한다. 예술위원은 예술위 사업 기본계획을 수립하고 운영에 관한 사항을 심의·의결한다.shee@heraldcorp.com- Copyrights ⓒ 헤럴드경제 & heraldbiz.com, 무단 전재 및 재배포 금지 -",생활/문화
"동영상 뉴스

오늘 서쪽 지방과 동쪽 지방의 온도 차가 제법 컸습니다.서쪽 지방은 강한 햇볕에 기온이 크게 오르며 다소 더웠고 동쪽 지방은 선선한 바람이 불며 낮 동안에도 선선함이 감돌았는데 내일도 역시 서쪽 지방은 더위가, 동쪽 지방은 선선한 날씨가 이어집니다.내일 서울 낮 기온이 27도, 대전 25도, 광주 26도, 속초 20도, 울진 18도로 서쪽 지방을 중심으로 기온이 크게 오르겠습니다.이렇게 기온이 오르면서 내일도 일교차가 10도 이상으로 크게 납니다.입고 벗기 간편한 겉옷으로 체온조절 해 주시기 바랍니다.내일도 전국에서 파란 하늘을 볼 수 있겠습니다.다만 햇볕이 강하게 내리쬐면서 자외선이 무척 강해지겠고 건조함도 더욱 심해지겠습니다.특히 경기 동부와 강원도에는 건조주의보가 발효 중입니다.산불 등 화재 예방에 더욱 신경 써주시기 바랍니다.금요일 밤부터 주말 사이 전국에 단비가 내리면서 더위와 건조함이 해소될 전망입니다.날씨 정보였습니다.[저작권자(c) YTN & YTN PLUS 무단전재 및 재배포 금지]",생활/문화
"나는 지난 30여년간 ‘협력(協力)’이라는 말을 매일 마주하며 살고 있다. 남북관계 현장에서 젊음을 보낸 나로서는 협력에 감동하고 협력에 실망하고 협력에 환호하고 협력에 좌절했다.협력을 담은 보고서들은 오늘도 책상 한 귀퉁이에 쌓여 있다.살다 보면 이기적이고 배신을 일삼는 상대방과도 협력해야 하는 것이 세상사이다. 착한 사람이 손해를 본다는 냉혹한 경쟁 속에서 인간은 과연 선(善)한 존재인가 의문을 갖기도 한다.로버트 액설로드는 1984년 출판된 를 통해 ‘착한 사람이 결국 이긴다’는 단순한 결론을 수학적으로 증명한다.저자는 반복된 죄수의 딜레마 게임을 통해 이기적 개인의 이타적 행위가 자연적으로 진화될 수 있음을 보여준다.핵심은 관계의 지속성이다. 일회적 만남이 아닌 오랜 기간 함께할 상대라면 먼저 호의를 베풀고 먼저 배반하지 말라고 제안한다. 다음에는 가장 단순한 ‘팃포탯(tit for tat)’ 전략이 결국 이득임을 과학적으로 증명한다.는 죄수의 딜레마, 공유지의 비극 등의 이론으로 설명되지 않는 인류의 연대와 협력을 설명한 ‘믿음직한 낙관론’으로 평가받는다. 의 저자 리처드 도킨스는 ‘세계 지도자들을 모두 가두어놓고 이 책을 다 읽을 때까지 풀어주지 말아야 한다’며 ‘성경을 대체할 만한 가치가 있는 책’으로 호평하였다.우리는 오늘도 협력과 연대의 길을 찾고 있다. 남북관계도 마찬가지이다. 남북 간 ‘협력의 진화’를 위해서는 어쩌면 가장 단순한 ‘팃포탯’ 전략이 필요할지도 모른다.다만 그 시작은 먼저 호의를 베풀고 먼저 배반하지 않는 것임을 잊어선 안 될 것이다. 당장은 손해처럼 보이지만, 길게 보면 그것이 결국 이득이라는 것이 의 명쾌한 결론이다.호혜주의에 기초한 이타주의. 이것이 남과 북 모두에 이득인 ‘지속 가능한’ 남북관계 진화의 첫걸음이 아닐까. 통일부 차관서호 통일부 차관©경향신문(www.khan.co.kr), 무단전재 및 재배포 금지",생활/문화
"©아가타 파리(AGATHA PARIS) ©아가타 파리(AGATHA PARIS)

©아가타 파리(AGATHA PARIS) ©아가타 파리(AGATHA PARIS)

아가타 파리(AGATHA PARIS)가 시그니처 라인인 BALL&BALL 컬렉션의 새로운 브레이슬렛을 선보인다고 밝혔다.볼과 링크 체인의 조합이 돋보이는 토글 장식의 브레이슬렛과 진주 비즈장식이 돋보이는 볼체인 브레이슬렛의 두 가지 신제품이 출시됐으며, 매치하는 룩에 따라 스타일리쉬함 뿐만 아니라 러블리한 분위기까지 연출할 수 있다.단품으로 착용하면 깔끔하게 매치가 가능하고, 여러 개를 레이어드하면 글래머러스한 포인트가 완성된다.아가타 파리(AGATHA PARIS)의 볼체인 브레이슬릿은 전국 아가타 매장에서 만나볼 수 있다.강인귀 기자 deux1004@mt.co.kr",생활/문화
"EBS '까칠남녀'에 출연한 정영진/EBS EBS '까칠남녀'에 출연한 정영진/EBS

EBS '까칠남녀'에 출연한 정영진/EBS EBS '까칠남녀'에 출연한 정영진/EBS

MBC 표준FM의 대표 장수 프로그램 ‘싱글벙글쇼’에 강석·김혜영에 이어 새 DJ로 발탁된 정영진의 과거 발언이 논란을 빚고 있다. “데이트 비용 안 내는 여성의 태도는 매춘” “여자의 적은 여자” “여성은 보살핌 노동을 하기에 적합한 신체구조를 지니고 있다” 등등 과거 정씨가 했던 여성혐오성 발언들이 나오자 ‘싱글벙글쇼’ 진행자로 부적절한 인사라는 비판이 나오고 있다. 정씨는 충남대 신문방송학과를 졸업하고 MBC ‘아주 특별한 아침’의 리포터 등으로 활동한 방송인이다. 지금은 방송인 최욱과 함께 팟캐스트 ‘매불쇼(매일매일 불금쇼)’를 진행하고 있다.◇“데이트 비용 안 내는 여성의 태도는 매춘”정영진은 2017년 3월부터 2018년 2월까지 방송한 EBS 1TV ‘까칠남녀’에 시사평론가로 고정출연했다. 2017년 8월 방송에서 그는 “남성들이 주로 데이트비용을 지불하고 이를 당연하게 생각하는 여성들의 태도는 넓은 의미에서 보면 매춘과 다르지 않다”는 발언을 해 방송통신심의위원회로부터 의견제시 처분을 받았다.이날 정영진은 “김치녀라는 말이 기분 나쁜 여자들은 자기는 살짝 김치녀인데 아니라고 하는 여자들”이라며 “김치녀 광고가 무수히 만들어지는 이유는 공감할 만한 현실이 있는 것이다. 광고가 많은 이유는 지갑을 열 사람이 남자라는 것”이라고 말하기도 했다.이 발언이 논란을 빚자 그는 정치 팟캐스트 ‘청정구역’에 출연해 “나는 상식적인 이야기를 하고 있다. 거기 나오는 여성분들의 주장은 너무 답답하다”며 “그만두려고 했었는데 거기가 돈을 제일 많이 준다. 이해해달라”고 하기도 했다. 이어 사회자가 “그걸 다 받아주고 있냐. 나 같으면 이 X년아…” 라며 욕설을 하자 출연진은 박장대소했다. 정영진은 “남자들이 사주는 거 얻어먹으며 고마워하지 않는 여자는 넓은 의미에서 매춘이라고 말했던 것”이라며 ‘매춘’ 발언을 해명했다. 제작진에 대한 불만도 털어놨다. 사회자가 “거기(까칠남녀) 피디 작가가 모두 여성이라고 들었다”고 하자 정영진은 “한 명도 빠짐없이”라며 “그러니까 프로가 그렇게 되는 것”이라고 말했다.◇“포르노 떳떳하게 보면 몰카 안 볼 것”정영진은 ‘까칠남녀’에서 몰카(몰래카메라)에 대한 견해도 밝혔다. ‘몰카’ 범죄는 성적인 콘텐츠가 막혀 있는 것이 문제라고 주장하며, “억압할수록 더 자극적인 것을 찾는다”고 했다. 그는 합법적 포르노의 필요성을 언급하며 “떳떳하게 볼 수 있는 세상이 온다면 몰래 보는 사람들은 줄어들 것이다. 애초에 몰카를 보고 싶지 않도록 해야 한다”고 주장했다. 다른 패널은 “몰카를 성욕과 연관 짓지 말라”고 반박했다.그는 또 “여성들도 몰카 때문에 ‘내 인생은 끝났다’ ‘나는 이제 얼굴을 들고 살 수 없다’라는 생각을 하지 않으셨으면 좋겠어요”라고 발언하기도 했다. 패널들은 “우울증 걸린 사람에게 ‘우울해 하지 마’라고 말하는 것과 뭐가 다르냐”고 했다.이외에도 “남자의 역할과 여자의 역할이 있다. 누군가를 돌보는 것은 굉장히 여자에게 최적화 되어 있다” “여자의 적은 여자”라는 발언들이 문제가 됐다.[손호영 기자 muse@chosun.com]- Copyrights ⓒ 조선일보 & chosun.com, 무단 전재 및 재배포 금지 -",생활/문화
"사진=에듀윌 사진=에듀윌

계리직공무원은 우체국 내에서 현장 창구 업무를 비롯해 금융 및 우체국 회계 직무 등 다양한 업무를 담당한다. 근무형태만 다를뿐 9급공무원과 동일한 대우를 받으며, 많은 수험생들이 부담을 가지는 영어 과목을 치르지 않고 3과목(한국사, 컴퓨터일반, 우편 및 금융상식)만 준비하면 되기 때문에 많은 수험생들이 도전하고 있다.이와 관련 종합교육기업 에듀윌(대표 박명규)에서 계리직공무원 한국사를 담당하는 신형철 교수를 만나 계리직공무원 한국사 합격전략에 대해 들어보았다.전략 공개에 앞서, 신형철 교수는 지난 2019년 시험에 대한 총평을 밝혔다. “2019년 10월 시행된 시험은 매우 어려웠습니다. 전근대사의 비중이 압도적으로 높았는데, 특히 고대, 중세가 각각 4문항이 출제된 점이 주목할만 합니다” 라고 말하며 이외에도 지엽적 문제 다수 출제, 생소한 지문과 사료 등이 출제돼 수험생들의 체감 난이도를 높였다고 이야기했다.이어서 신 교수는 “계리직공무원 한국사의 경우 사료 및 자료 제시형 문제가 상당수 출제되기 때문에 꼼꼼한 ‘사료 분석’이 필수적”이라 말했다. 또한, 두 사건 사이의 역사적 사실은 무엇인가 등 사건의 연도를 파악해야 풀 수 있는 문제도 2~3문항이 출제된 바, 중요 사건의 연도는 무조건 기억해야 한다고 전했다.한편 신 교수는 “아는 것과 문제의 정답을 고르는 것은 다르다”고 강조했다. 특히 지난 2019년 시험에서는 타 직렬 기출문제가 변형돼 다수 출제된 점에 주목했다. 따라서 해설이 잘 정리된 타직렬 기출문제집을 활용해 문제풀이의 감과 지식의 외연을 넓힐 것을 추천했다.신 교수의 강의는 초심자도 쉽게 접근할 수 있는 친절한 강의로 유명하다. 생소한 역사 용어도 부담없이 이해할 수 있는 명쾌한 해설을 제공하며, 풍부한 배경지식으로 흐름을 자연스럽게 이해할 수 있다. 여기에 계리직에서만 출제되는 영역도 빠짐없이 대비할 수 있어 수험생 만족도가 매우 높다.실제 수험생들은 “처음 듣는 한국사 강의지만, 입문자가 이해하기 매우 쉽고 간결하게 설명해주셔 쉽게 접근할 수 있었다”, “기본서로 이해가 어려운 내용을 심층적인 설명으로 풀어주시니 막힘 없이 나갈 수 있었다” 등의 호평을 남겼다.에듀윌 계리직공무원 한국사 신형철 교수의 강의는 에듀윌 온라인 강의를 통해 수강할 수 있다.MBN스타 김승진 기자 mkculture@mkculture.com< Copyright ⓒ MBN(www.mbn.co.kr) 무단전재 및 재배포 금지 >",생활/문화
"기사 섹션 분류 안내

기사의 섹션 정보는 해당 언론사의 분류를 따르고 있습니다. 언론사는 개별 기사를 2개 이상 섹션으로 중복 분류할 수 있습니다.

닫기",생활/문화
"동영상 뉴스

5월 날씨가 맞나 싶으시죠.오늘도 초여름이었습니다.심지어 올 들어 최고기온을 기록한 곳도 많았는데요.서울은 27.6도 또 광주는 30도를 넘어서기도 했습니다.내일은 지역별로 기온차가 크겠습니다.서쪽지방 중심으로 낮 더위가 계속되겠습니다.서울 27도가 예상돼서 오늘과 큰 차이 없겠고요.반면에 동해안은 더위가 주춤하면서 울산이 19도 등 평년수준을 크게 밑돌겠습니다.내일도 전국 하늘은 화창하겠습니다.그만큼 자외선은 강하겠고요.미세먼지 농도는 전국이 보통 수준을 유지하겠습니다.한편 중부지방은 대기가 여전히 메말라 있습니다.경기 북부와 영서 북부 또 강원 영동지역은 건조주의보가 발효 중입니다.화재 사고에 유의하시기 바랍니다.메마른 날씨를 해소시켜줄 비 소식은 모레부터 나와 있는데요.금요일 늦은 오후에 충남과 호남 또 제주도부터 비가 먼저 시작이 되겠고요.전국적으로 밤에는 전국적으로 확대가 되겠습니다.문제는 이번에 비가 꽤나 길게 이어집니다.주말 동안 전국에 내리는 건 물론이고요.또 수도권을 포함한 서쪽과 영서지방은 일요일 오전까지도 이어질 전망입니다.혹시나 외출 계획 있으시다면 참고하셔야겠고 또 이 사이 더위는 주춤하니까요.옷차림에도 한 번 더 신경을 쓰셔야겠습니다.날씨트리였습니다.(구본아 기상캐스터)연합뉴스TV 기사문의 및 제보 : 카톡/라인 jebo23",생활/문화
"[서울=뉴시스] 박주연 기자 = BMW 공식 딜러 바바리안모터스가 프로야구단 SK와이번스와 스폰서십 계약을 체결했다고 6일 밝혔다.이번 계약에 따라 바바리안 모터스는 2020시즌 동안 SK와이번스의 홈구장인 인천 SK 행복드림구장에서 본부석 LED 광고를 비롯해 불펜카, 전광판 광고 등 5개 광고 후원을 진행한다.또 바바리안 모터스는 SK와이번스와 함께 연중 '바바리안 모터스 데이'를 준비하여 BMW 신모델 전시, 시승행사, 시구 이벤트 등 공동 마케팅을 진행할 계획이다.바바리안 모터스는 BMW와 MINI 공식 딜러사로 현재 서울 및 경기, 인천 지역에 6곳의 BMW 전시장과 6곳의 MINI 전시장, 6곳의 서비스센터를 운영 중이며, 연내 서울 서부지역에 BMW 전시장을 추가 오픈하여 서울지역 고객에게 선보일 계획이다. ☞공감언론 뉴시스 pjy@newsis.com",생활/문화
"기사 섹션 분류 안내

기사의 섹션 정보는 해당 언론사의 분류를 따르고 있습니다. 언론사는 개별 기사를 2개 이상 섹션으로 중복 분류할 수 있습니다.

닫기",생활/문화
"기사 섹션 분류 안내

기사의 섹션 정보는 해당 언론사의 분류를 따르고 있습니다. 언론사는 개별 기사를 2개 이상 섹션으로 중복 분류할 수 있습니다.

닫기",생활/문화
"코로나19로 텅빈 베로나 아레나와 브라광장매년 여름 오페라 축제가 열리는 베로나 아레나 전경. [EPA=연합뉴스 자료사진] 코로나19로 텅빈 베로나 아레나와 브라광장매년 여름 오페라 축제가 열리는 베로나 아레나 전경. [EPA=연합뉴스 자료사진]

(로마=연합뉴스) 전성훈 특파원 = 올해 이탈리아 베로나 오페라 축제가 신종 코로나바이러스 감염증(코로나19) 여파로 취소됐다.5일(현지시간) dpa 통신에 따르면 행사 주최 측은 웹사이트를 통해 올해 행사를 취소한다고 공지했다.올해 축제는 6월 13일부터 9월 5일까지 열릴 예정이었다.이미 티켓을 구매한 이들은 2021년 공연 티켓으로 교환이 가능하다고 주최 측은 전했다.베로나 오페라 축제는 베르디 탄생 100주년인 1913년부터 시작된 세계 최대 규모의 오페라 행사다.로마제국 때인 서기 30년에 건축된 8만명 수용 규모의 원형경기장 '베로나 아레나'에서 열리며, 이를 보고자 매년 수많은 해외 관광객들이 베로나를 찾는다.lucho@yna.co.kr",생활/문화
"기사 섹션 분류 안내

기사의 섹션 정보는 해당 언론사의 분류를 따르고 있습니다. 언론사는 개별 기사를 2개 이상 섹션으로 중복 분류할 수 있습니다.

닫기",생활/문화
"[KBS 전주][앵커]해마다 이맘때면 전주 영화의 거리에는 봄의 영화 축제를 즐기려는 관객들로 북적였는데요.올해는 코로나19 여파로 일반 관객이 없는 영화제로 치러집니다.개·폐막식 등 야외 행사가 모두 취소되고, 대신 영화제 기간 온라인 상영으로 관객과 만날 계획입니다.진유민 기자의 보도입니다.[리포트]올해로 스물한 번째를 맞는 전주 국제영화제.독립, 대안 영화의 가치를 지키며 해마다 수만 명의 관객을 모아 대표적인 봄 영화 축제로 자리 잡았습니다.하지만 올해는 코로나19로 예정보다 한 달가량 늦춰졌습니다.이마저도 감염 우려 때문에 개·폐막식 등 야외 행사는 모두 취소해 일반 관객 없는 영화제로 치러지게 됐습니다.[서배원/전주시 문화정책과장 : ""(영화제 기간) 외지에서 관람객들이 전주를 찾아서 확진자가 발생했을 때 굉장히 사회적 경제적 부담이 크기 때문에….""]대신 영화제 조직위는 온라인 상영으로 관객과 만날 계획입니다.열흘간의 영화제 기간에 감독과 배급사 등의 동의를 받은 영화들을 온라인 플랫폼을 통해 공개할 예정입니다.영화제가 끝난 뒤에는 코로나19 상황에 따라 2백 편에 달하는 출품작들을 일반 극장에서 상영하는 방안을 검토하고 있습니다.[장성호/전주국제영화제 사무처장 : ""이번에(영화제에) 출품된 모든 작품이 관객들과 만날 수 있는 그런 상영을 준비하고 있기 때문에, 실질적으로는 영화제 기간이 열흘이 아니라 한 4개월 정도로 이렇게 장기 영화제가 되는….""]코로나19가 낳은 전례 없는 무관객 영화제.온라인 관객을 잡기 위한 새로운 시도에 영화팬들이 어떤 반응을 보일지 관심이 쏠리고 있습니다.KBS 뉴스 진유민입니다.진유민 기자 (realjin@kbs.co.kr)",생활/문화
"한남대 조형예술학부 회화전공 박경범 교수(왼쪽)가 이광섭 총장에게 발전기금 1000만원을 전달하고 있다. 한남대 제공 한남대 조형예술학부 회화전공 박경범 교수(왼쪽)가 이광섭 총장에게 발전기금 1000만원을 전달하고 있다. 한남대 제공

한남대 회회전공 교수들이 이광섭 총장(왼쪽 여섯번째)에게 발전기금 1000만원을 전달하고 있다. 한남대 회회전공 교수들이 이광섭 총장(왼쪽 여섯번째)에게 발전기금 1000만원을 전달하고 있다.

“회화전공 학생들이 학업에 전념 할 수 있도록 장학금으로 사용되길 바랍니다.”한남대학교 조형예술학부 회화전공 교수 7명이 제자들을 위해 ‘한남사랑 100인의 기부’ 릴레이에 동참했다.이광섭 총장부터 4번째이며, 학과의 단체 기부는 처음이다.회화전공 교수 7명은 6일 오후 총장실을 방문해 발전기금 1000만원을 전달했다.이들은 회화전공 학과발전기금과 학과 장학금으로 사용해 달라며 기탁했다.기부에 동참한 교수들은 박경범 교수를 비롯 강구철 신영진 이주형 이종우 이상욱 진혜윤 교수 등 7명이다.회화전공 교수들은 학과 학생들을 위한 장학금 기부를 이어왔다.박경범 전공주임교수는 “교수님들이 한분도 빠짐없이 동참해 주셨다. ‘한남사랑 100인의 기부’라는 뜻깊은 기회에 전달하게 돼 오히려 감사한 마음”이라고 했다.이광섭 총장은 “코로나19까지 겹치면서 대학 재정이 어렵다. 하지만 여러분들이 힘을 보태주시니 잘 극복할 수 있을 것”이라고 했다.유영대 기자 ydyoo@kmib.co.krGoodNews paper ⓒ 국민일보(www.kmib.co.kr) , 무단전재 및 재배포금지",생활/문화
"©나스(NARS) ©나스(NARS)

모던 메이크업 아티스트 브랜드 나스(NARS)가 '쿨 크러쉬 컬렉션'을 선보인다고 밝혔다.한정판으로 선보이는 '쿨 크러쉬 컬렉션' 두 뺨에 자연스러운 생기를 더해줄 핑크, 베이지 컬러의 치크 팔레트와 누드 계열의 립 라커 4종으로 구성되어 있다. 피부 톤에 구애 받지 않는 내추럴한 뉴트럴 컬러의 조합으로 우아하고 부드러운 스프링 메이크업을 완성할 수 있다는 업체 측 설명이다.세가지 블러쉬와 한 가지 하이라이팅 파우더로 구성된 '핫 픽스 치크 팔레트'는 봄의 무드에 맞춰 팔레트 내에 있는 컬러를 자유자재로 레이어링 해 사용할 수 있는 것이 특징이다. 단독 혹은 믹스한 컬러를 볼 중앙에 얹은 후 브러쉬에 남은 양으로 광대뼈부터 관자놀이까지 컬러를 이어주고, 헤어라인과 콧대 그리고 턱까지 쓸어주면 얼굴 전체 톤을 맞춰주면서 자연스러운 생기를 완성할 수 있다.독특한 하이브리드 포뮬러의 '로디드 립 라커' 4종은 립스틱의 선명한 발색력과 글로스의 광택, 그리고 립 밤의 편안함까지 하나에 담아냈다. 데일리로 사용하기 좋은 'MLBB(My Lips But Better)'컬러로 단독으로 사용하거나 립스틱 위 탑코트 개념으로 사용이 가능하다.나스의 '쿨 크러쉬 컬렉션'은 전국 나스 매장과 온라인 몰에서 만나볼 수 있다.강인귀 기자 deux1004@mt.co.kr",생활/문화
"기사 섹션 분류 안내

기사의 섹션 정보는 해당 언론사의 분류를 따르고 있습니다. 언론사는 개별 기사를 2개 이상 섹션으로 중복 분류할 수 있습니다.

닫기",생활/문화
"바티칸의 사도궁 집무실에서 6일(현지시간) 인터넷 중계 방식의 수요 일반 알현 훈화를 하는 프란치스코 교황. [로이터=연합뉴스] 바티칸의 사도궁 집무실에서 6일(현지시간) 인터넷 중계 방식의 수요 일반 알현 훈화를 하는 프란치스코 교황. [로이터=연합뉴스]

(로마=연합뉴스) 전성훈 특파원 = 프란치스코 교황이 신종 코로나바이러스 감염증(코로나19) 확산에 따른 경제적 어려움 속에서도 이주민을 비롯한 노동자의 존엄이 존중받아야 한다는 뜻을 밝혔다.교황은 6일(현지시간) 온라인으로 중계된 수요 일반 알현 훈화에서 코로나19가 초래한 경제 위기의 직격탄을 맞은 노동자 권리를 언급하며 이같이 말했다고 로이터 통신이 전했다.교황은 노동절인 지난 1일 노동 문제에 관련된 많은 메시지를 받았다고 소개하며 착취당하는 모든 노동자가 보호받기를 희망한다고 말했다.그러면서 현재의 위기를 계기로 사람과 노동의 존엄이 모든 것의 중심으로 돌아가도록 함께 노력하자고 당부했다.교황은 대부분이 이주민들인 이탈리아 농장노동자들에 대한 착취 문제를 특별히 거론하기도 했다.최근 남부 풀리아주에서는 농장에 50여명의 이주민을 불법 고용해 중노동을 강요한 악덕 고용주들이 대거 적발됐다.북부의 한 와인 농장주는 알바니아 이주민을 고용해 저임금에 하루 10시간 이상 휴식 없이 일을 시킨 혐의로 체포되기도 했다.lucho@yna.co.kr",생활/문화
"2017년 EBS TV ‘까칠남녀’에 출연한 방송인 정영진. EBS 방송 캡처 2017년 EBS TV ‘까칠남녀’에 출연한 방송인 정영진. EBS 방송 캡처

MBC 간판 프로그램 중 하나인 ‘싱글벙글쇼’의 새 진행자로 발탁된 방송인 정영진이 자질 논란에 휩싸였다. 지난 33년간 호흡을 맞추며 청취자들의 사랑을 받아온 강석과 김혜영 대신 여러 차례 여성혐오성 발언으로 논란을 일으킨 정영진이 이 프로그램을 맡는 게 부적절하다는 지적이 나온다.6일 MBC는 봄 개편을 맞이해 MBC 표준FM ‘싱글벙글쇼’ 진행자를 강석, 김혜영에서 팟캐스트로 유명한 정영진과 가수 배기성으로 교체한다고 밝혔다. 1973년 6월 첫 방송을 시작한 ‘싱글벙글쇼’는 MBC 라디오를 대표하는 시사 풍자 프로그램이다. 강석과 김혜영은 각각 1984년, 1987년 합류해 33년간 찰떡 같은 호흡을 맞추며 ‘싱글벙글쇼’를 진행해 왔다.30년 이상 청취자들과 함께해온 만큼 진행자 교체를 반대하는 목소리도 크다. 이날 ‘싱글벙글쇼’ 홈페이지에는 하루 만에 1,000개가 넘는 의견이 올라왔는데 대부분 진행자 교체에 대한 아쉬움을 드러내는 글이었다. ‘DJ 교체는 사실상 프로그램 폐지’라고 표현하는 청취자도 적지 않다.일부 청취자들은 정영진의 과거 발언을 문제 삼으며 ‘싱글벙글쇼’ 진행자로 적절하지 않다고 주장하고 있다. ‘싱글벙글쇼’를 이어 받게 될 정영진은 국회방송 ‘빅데이터 시사토론’, XTM ‘M16’, SBS 파워 FM ‘호란의 파워FM’ 등의 라디오 및 다양한 시사 프로그램에 출연했고, 최근엔 팟캐스트 ‘정영진 최욱의 불금쇼’ ‘정영진 최욱의 매불쇼’ 등을 진행했다.그는 2017년 3월부터 이듬해 2월까지 방송된 EBS TV ‘까칠남녀’에서 했던 발언으로 여성혐오 논란에 휩싸인 적이 있다. 그는 당시 “한남충이라는 단어가 기분 나쁘지 않다. 나는 해당하지 않으니까. ‘김치녀’라는 말이 기분 나쁜 여자들은, 자기가 살짝 김치녀인데 아니라고 하는 여자들”이라고 말해 여혐 발언이라는 지적을 받았다.또 데이트 비용 지불에 대해서도 “여성들이 (데이트에서) ‘내가 이만큼 너와 놀아줬으니까, 넌 이만큼 해줘야돼’라는 마음가짐이라면 그건 넓은 의미에선 매춘과 다르지 않다고 본다”고 말해 방송통신심의위원회로부터 의견제시 처분을 받기도 했다. 뿐만 아니라 “여자의 적은 여자가 맞다” “김치녀 광고가 많은 이유는 지갑을 열 사람이 남자라서 그렇다” 등의 말로 질타를 받았다.정영진의 여혐 발언을 문제 삼는 청취자들은 그가 ‘싱글벙글쇼’ 진행자로 적절하지 않다고 주장한다. 시사 풍자로 유명한 프로그램에서 이처럼 여성에 대해 왜곡된 시선을 가진 진행자가 균형 잡힌 발언을 하긴 어려울 것이라는 우려다.한편 강석과 김혜영은 오는 10일 방송을 끝으로 ‘싱글벙글쇼’에서 하차하고, 11일부터는 정영진과 배기성이 마이크를 넘겨받는다.고경석 기자 kave@hankookilbo.com

▶네이버에서 한국일보 뉴스를 받아보세요



▶뉴;잼을 보면 뉴스가 재밌다 [뉴스레터 구독하기]



▶한국일보닷컴 바로가기",생활/문화
"동영상 뉴스

[앵커]생활 속 거리두기가 시작되면서 박물관과 미술관 등 문화예술기관도 다시 문을 열었습니다.시간대별 인원 조정과 사전 예약을 통해 코로나19 재확산 우려를 줄이기로 했습니다.첫날 풍경 박효정 기자가 보도합니다.[기자]미술관 입구에 열화상 카메라가 작동 중이고, 안내 데스크에는 비말 가림판이 설치됐습니다.관람객들은 체온을 측정하고 본인 확인을 거친 뒤 미술관으로 들어갑니다.국립현대미술관이 재개관한 첫날 사전예약을 통해 300여명이 서울관을 찾았습니다.황금연휴가 끝난 직후라 관람객이 많지는 않았지만, 마스크를 쓰고, 서로서로 거리를 두며 작품을 관람했습니다. ""미술관 홈페이지에서 원하시는 날짜와 시간대를 예약하고 오시면 됩니다. 마스크 착용과 발열 체크, 손소독제 사용은 필수고, 서울관의 경우 시간당 100명씩 관람인원을 제한하고 있습니다.강력한 사회적 거리두기 정책이 생활 속 거리두기로 전환하면서 박물관과 미술관 등 24개 국공립 문화예술 기관이 재개관했습니다.코로나19 확산으로 지난 2월 말부터 순차적으로 휴관에 들어간 이후 70여일만입니다.다만, 개인관람을 중심으로 하고 사전 예약제로 시간대별 인원을 정하는 등 제한적으로 운영합니다.방역관리자를 지정해 이용자의 증상 여부를 확인해야 하고 좌석이 있다면 지그재그 방식으로 띄워 앉아야 합니다.장기간 휴관했던 문화예술 시설이 살며시 문을 열면서, 집콕으로 지친 이들의 갈증을 해소해 줄 것으로 기대됩니다.연합뉴스TV 박효정입니다. (bako@yna.co.kr)연합뉴스TV 기사문의 및 제보 : 카톡/라인 jebo23",생활/문화
"[서울=뉴시스] 오동현 기자 = 모바일 게임 기업 컴투스는 3D 모바일 야구 게임 ‘컴투스프로야구2020’에 KBO구단들의 실제 응원가를 국내 야구 게임 최초 정식 라이선스 계약을 통해 게임 내 구현했다고 6일 밝혔다.‘컴프야2020’은 KBO 시즌 개막에 앞서 진행한 대규모 업데이트를 통해 각 구단별 응원가와 선수단의 최신 정보 및 선수 데이터를 게임 내 그대로 반영했다.현재까지 삼성 라이온즈, SK 와이번스, KT위즈 등 3개 구단의 팀·선수별 응원가 50여 곡을 게임 내 적용했다. 특히 ‘승리의 라이온즈’, ‘불 같은 패기’, ‘승리의 하이파이브’ 등 각 구단을 대표하는 인기 응원가들을 대거 수록했다.‘컴프야2020'의 이번 응원가 수록은 저작권을 가지고 있는 KBO구단들과 정식 라이선스 계약을 통해 이뤄졌으며, 전 구단 적용을 목표로 지속 확대할 예정이다.컴투스 관계자는 “컴프야를 즐기는 유저들에게 게임을 플레이 하는 것만으로 실제 야구장에 온 것과 같은 생생함을 전달하기 위해 노력했다”며 “현실성을 한층 강화한 컴프야와 함께 2020 KBO를 더욱 즐겁게 즐기시길 바란다”고 전했다.‘컴프야2020'은 올해로 시리즈 18년 역사를 자랑하는 컴투스의 대표 야구 게임이다. 실제 프로야구 선수들의 얼굴과 유니폼, 움직임은 물론 모든 구장의 구조물들을 세밀하게 표현하며 현실성을 강조했다.이 게임은 출시 후 누적 1500만 다운로드를 달성했으며, 구글과 애플 양대 마켓 국내 모바일 스포츠 게임 매출 1위를 기록한 바 있다. ☞공감언론 뉴시스 odong85@newsis.com",IT/과학
"[AFP=연합뉴스] [AFP=연합뉴스]

""요즘은 잔인한 날""…리프트도 앞서 982명 일시해고(뉴욕=연합뉴스) 이귀원 특파원 = 신종 코로나바이러스 감염증(코로나19) 여파로 고객이 급감하면서 차량 공유업체인 리프트와 우버에도 잇따라 감원 바람이 불고 있다.6일(현지시간) 블룸버그통신 등에 따르면 우버는 전체 글로벌 직원의 약 14%에 해당하는 3천700명을 일시 해고할 예정이다.우버는 미 증권 당국에 이 같은 계획을 신고하는 한편, 다라 코스로샤히 우버 최고경영자(CEO)도 직원들에게 이를 공지했다. 감원 대상은 고객 지원과 채용 부문의 직원들인 것으로 전해졌다.우버는 전 세계 약 450개의 '운전자 서비스센터' 가운데 180개를 영구 폐쇄키로 했다. 운전자 서비스센터는 신규 우버 운전자 등록과 교육을 담당하는 곳이다.코스로샤히 CEO는 올해 연말까지 기본급을 받지 않기로 했다. 그는 지난해 100만달러의 기본급과 200만달러의 보너스를 받았다.코스로샤히 CEO는 직원들에게 향후 2주 이내에 ""더 고통스러운"" 조치를 내놓을 것이라며 추가 대책을 예고하는 한편 ""요즘과 같은 날은 잔인하다""고 말했다.앞서 리프트도 지난달 29일 전직원의 17%에 해당하는 982명을 일시해고 한다고 밝힌 바 있다.리프트는 또 288명에 대한 무급휴직과 임직원 급여 삭감에 나서기로 했다.lkw777@yna.co.kr",IT/과학
"(서울=연합뉴스) 대한약사회가 6일부터 코로나바이러스 감염증 대응 체계를 '사회적 거리두기'에서 '생활 속 거리두기'로 전환함에 따른 대국민 안내문을 발표했다.대한약사회는 ""KF94와 KF80은 황사 등 미세먼지 차단 효과에 따른 구분""이라며 ""코로나 19와 같은 침방울을 통한 감염 전파 상황에서는 효과에 큰 차이가 없다""고 밝혔다.이어 ""코로나-19 감염환자를 돌보는 보호자나 의료진이 아닌 일반인이 보건용 마스크를 착용하는 경우 KF80 사용으로 감염 예방 목적을 충분히 달성할 수 있고 오히려 호흡하기 쉬워 장시간 착용 시에는 KF80이 적합하다""고 덧붙였다.사진은 생활 속 거리두기 전환에 따른 대국민 안내 포스터. 2020.5.6[대한약사회 제공. 재판매 및 DB 금지]photo@yna.co.kr",IT/과학
"[KBS 청주][앵커]충청북도가 한 차례 고배를 마셨던 방사광 가속기 유치에 다시 도전해, 1차 관문을 통과했습니다.후보지 4곳 가운데 청주 오창이 정부의 우선 협상 지역 2곳에 포함됐는데요.청주는 지질학적 안정성 등의 입지 조건에서 좋은 평가를 받은 것으로 전해졌습니다.진희정 기자입니다.[리포트]미래 핵심 산업들의 최첨단 연구 기반 시설인 '방사광 가속기' 유치에 충북이 한 발 더 다가갔습니다.오늘, 대전에서 열린 정부 심사에서 우선 협상 대상지 가운데 한 곳으로 선정됐습니다.유치 의향서를 낸 강원도 춘천과 경북 포항, 전남 나주 등 4곳 가운데 청주와 나주가 최종 2배수 후보지가 됐습니다.[허경재/충청북도 신성장산업국장 : ""입지 조건이 좋다는 거, 전체적으로 지자체 지원 사업이 굉장히 짜임새 있게 실현 가능성 있게 짜여져 있다는 점을 강조했습니다. 심사위원들도 수긍하는, 그런 좋은 분위기 였다고 판단이 됩니다.""]충북은 2008년 방사광 가속기 2기를 구축하는 정부의 첫 사업에서 경북 포항에 고배를 마신 뒤 12년 만의 재도전입니다.첫 실패 이후, 입지 조건 등을 다시 검토하는 등 대응 전략을 보완하고 2년 전부터 대정부 활동을 강화한 만큼 최종 유치를 자신하고 있습니다.바이오, 반도체 등 관련 산업 인력과 시설이 몰려있는 점, 그리고 다른 지역에 비해 수도권과 인접해있다는 점을 강조하고 있습니다.빛을 활용해 물질의 미세 현상을 연구하는 시설인 만큼, 지질학적으로 안정돼있다는 것도 강점입니다.나주는 지역 균형발전 논리를 앞세우는 가운데 최종 후보지는 내일, 청주 오창과 나주 두 곳을 현장 심사한 뒤 가려집니다.기대되는 고용 창출 인원만 13만 명에 10조 원 가까운 생산 부가가치 유발효과, 충북이 1순위 현안으로 공들여온 사업에서 결실을 거둘지 관심이 쏠리고 있습니다.KBS 뉴스 진희정입니다.진희정 기자 (5w1h@kbs.co.kr)",IT/과학
"지난 2016년 포항공대에 구축한 4세대 선형 방사광가속기. /연합뉴스 지난 2016년 포항공대에 구축한 4세대 선형 방사광가속기. /연합뉴스

[서울경제] 전남 나주시와 충북 청주시 중 한 곳에 신약·반도체 등 첨단 연구개발(R&D) 장비인 다목적 방사광가속기가 구축된다.과학기술정보통신부는 6일 강원 춘천시, 경북 포항시, 전남 나주시, 충북 청주시 중 나주와 청주를 방사광가속기 후보지로 선정, 7일 현장 점검 뒤 8일 오전 확정하기로 했다고 밝혔다.과기정통부는 방사광가속기 구축에 총 1조원을 투입하기로 했으며 연내 예비타당성 조사 신청에 이어 늦어도 오는 2022년에 사업에 착수, 2027년 완공할 계획이다. 한국기초과학지원연구원(KBSI)는 방사광가속기의 지역 생산유발 효과가 6조7,000억원에 달할 것으로 보고 있다.나주는 지역 균형 발전을 위해 호남권에 가속기를 유치해야 한다고 강조하고 있다. 나주혁신도시 인근을 예정부지로 제시하며 광주과학기술원(GIST)·전남대·전북대 등 호남권 대학과 개교 예정인 한전공대와 연계해 연구 성과를 내겠다고 밝혔다. 청주는 오창테크노폴리스 산업단지 예정부지가 전국적으로 접근할 수 있는 입지와 편리한 교통망을 갖추고 있다고 내세운다. 오송생명과학산업단지와 대덕연구단지 등 연구 인프라가 인근에 밀집돼 있다는 점도 어필한다.방사광가속기는 전자를 빛의 속도에 가깝게 가속해 밝은 빛(방사광)을 만들어내는 장비다. 가속기가 만든 빛으로는 일반 현미경으로 볼 수 없는 미세한 구조나 살아 있는 세포의 움직임까지 실시간으로 볼 수 있다. ‘초고성능 거대 현미경’인 셈이다. 현재 경북 포항에 3세대, 4세대 방사광가속기가 설치돼 있지만 연구자들의 수요를 다 충당하지 못하고 있다는 지적이 나온다.방사광가속기는 생명과학과 신약·디스플레이 등 소재·부품 산업의 원천기술을 개발하는 데 필요한 핵심시설이다. 신종플루 치료제 ‘타미플루’와 발기부전 치료제인 ‘비아그라’ 등의 개발에도 활용됐다. 물리학자인 국양 대구경북과학기술원(DGIST) 총장은 “방사광가속기는 신종 코로나바이러스 감염증(코로나19)과 같은 감염병 치료제나 백신, 소재·부품·장비 산업의 신기술 개발 등 기초연구에서 응용·개발연구까지 활용할 수 있다”고 설명했다.하지만 일부에서는 방사광가속기 외에 양성자가속기가 경주에서 운용되고 있고 2021년 말에는 대전 기초과학연구원(IBS)에 1조5,000억원 규모의 중이온가속기, 2023년 말에는 ‘꿈의 암 치료기’로 불리는 중입자가속기가 부산에 각각 구축되는 등 가속기의 공급이 많다는 지적도 있다. /고광본선임기자 kbgo@sedaily.com저작권자 ⓒ 서울경제, 무단 전재 및 재배포 금지",IT/과학
"나주 방사광 가속기 조감도. 전남도 제공 나주 방사광 가속기 조감도. 전남도 제공

치열한 유치전이 벌어졌던 ‘4세대 방사광 가속기’ 설치 후보 지역이 전남 나주시와 충북 청주시 2곳으로 압축됐다. 방사광 가속기가 최종적으로 들어설 도시는 오는 8일 발표된다.과학기술정보통신부는 6일 4세대 방사광 가속기 유치 계획서를 낸 4곳 가운데 2곳인 나주와 청주를 현장확인 대상으로 정했다고 밝혔다. 과기정통부는 2곳의 평가 결과와 순위는 밝히지 않았으며 7일 현장 실사를 거쳐 8일 최종 사업 예정지를 선정한다.방사광 가속기는 전자와 같은 작은 입자를 빛의 속도에 가깝게 가속하는 장치로 초정밀 현미경 효과를 낸다. 신소재 제작이나 화학 또는 생명공학 연구 등에 활용한다. 특히 이번에 조성될 4세대 방사광 가속기는 살아 있는 세포의 움직임까지 관찰할 수 있어 바이러스 백신이나 치료제 개발에도 응용할 수 있다.정부는 사업비 1조원을 투입할 예정인데, 방사광 가속기 건설로 6조7000억원의 생산유발 효과가 기대된다. 지역사회를 발전시킬 ‘황금알을 낳는 거위’로 인식되면서 올해 초부터 나주와 청주는 물론 경북 포항시와 강원 춘천시 등이 치열한 유치전을 벌여 왔다.1차 관문을 뚫은 나주는 국가 균형발전을 유치 명분으로 강조해 왔다. 초대형 연구 단지가 수도권과 충청권, 영남권에 모두 있지만 호남에는 전무하다는 것이다. 방사광 가속기를 중심으로 광주과학기술원(GIST)과 전남대, 전북대 등이 역량을 모으고, 2022년 개교 예정인 한전공대도 연계될 경우 연구 성과가 동반상승 효과를 낼 것이라는 설명이다.청주는 방사광 가속기 예정 부지의 우수한 교통 접근성을 내세워 왔다. 경부·중부고속도로 등 주요 도로망과 인접해 있고, KTX 오송역과도 차로 15분 내외면 닿는다. 청주국제공항도 가까워 국외 등 장거리 이동도 편리하다. 또 오송생명과학단지와 대덕연구단지 등과도 인접해 연구 성과를 확산하기에 유리하다는 점을 장점으로 꼽아 왔다. 충북의 경우 2008년 이명박 정부 때 방사광 가속기 유치전에 뛰어들었다가 고배를 마신 적이 있다.정부는 최종 부지를 선정하면 올해 안에 예비타당성 조사를 신청하고 늦어도 2022년에는 사업에 착수할 방침이다. 최종 부지는 7일 진행될 현장 실사와 함께 기본 요건(25점), 입지조건(50점), 지자체 지원(25점)을 각각 평가해 선정된다.이정호 기자 run@kyunghyang.com©경향신문(www.khan.co.kr), 무단전재 및 재배포 금지",IT/과학
"[서울=뉴시스] 오동현 기자 = 펍지주식회사가 올해 첫 '플레이어언노운스 배틀그라운드' 글로벌 이스포츠 대회인 '펍지 콘티넨털 시리즈(PCS) 채널리티 쇼다운'을 개최한다.6일 펍지에 따르면 ‘PCS 채리티 쇼다운'은 신종 코로나바이러스감염증 극복을 기원하는 자선 이벤트 초청전이다.대회는 ▲한국, 일본, 중국, 차이니즈 타이페이로 구성된 아시아 ▲동남아시아와 오세아니아를 포함한 아시아퍼시픽 ▲유럽 ▲북미 등 4개 권역에서 이달 14일부터 31일 사이에 개최된다.한국을 포함한 아시아 권역의 대회는 오는 15일부터 24일까지 2주간 매주 금요일과 일요일 오후 7시에 온라인으로 진행된다. 한국 참가팀 6개를 포함해 총 16개 프로팀들이 하루 5매치씩 총 20매치를 통해 아시아 최강팀의 영예를 놓고 대결을 펼친다.출전하는 한국팀은 ▲Gen.G(젠지) ▲OGN ENTUS(OGN 엔투스) ▲VRLU GHIBLI(브이알루 기블리) ▲GRIFFIN(그리핀) ▲ELEMENT MYSTIC(엘리먼트 미스틱) ▲Team Quadro(팀 쿼드로) 등 6개 팀이다. 최종 결과 상위 3개 한국팀은 오는 6월에 열릴 'PCS 1 아시아' 시드권도 획득하게 된다.전 권역에서 총상금 80만 달러 중 50%는 경기 결과에 따라 팀에 배분되며, 나머지 50%의 상금은 각 권역 우승팀이 선정한 기부처에 권역별 전체 참가팀 이름으로 기부된다.펍지는 PCS 채리티 쇼다운을 시작으로, 올해 초 발표한 '경쟁 구조 개선, 출전 프로팀과 수익 분배 증대, 협력사 개최 이벤트 확대 등으로 배틀그라운드 이스포츠의 생태계 강화 및 지속 가능성 확인’이라는 목표를 향해 나아갈 예정이다. ☞공감언론 뉴시스 odong85@newsis.com",IT/과학
"[한국경제TV 김주리 기자]

지구에서 약 1천광년밖에 떨어지지 않은 곳에서 맨눈으로도 볼 수 있는 두 개의 짝별을 동반한 항성질량 블랙홀이 관측돼 학계에 보고됐다.우리은하 내에서 발견된 블랙홀은 20여개에 불과하며, 이 블랙홀은 지금까지 관측된 것 중 가장 가까운 블랙홀로 기록됐다.유럽남방천문대(ESO)에 따르면 이 천문대 소속 천문학자 토마스 리비니우스 박사가 이끄는 연구팀은 칠레 라 시쟈 관측소의 MPG/ESO 2.2m 망원경으로 관측한 결과를 과학저널 '천문학 및 천체물리학'(Astronomy & Astrophysics) 최신호에 발표했다.이 블랙홀은 지구에서 약 1천광년 떨어진 망원경자리에서 'HR 6819'로 알려진 쌍성계를 관찰하다가 발견했다.두 별 중 안쪽 별이 40일 주기로 숨겨져 있는 블랙홀을 돌고 다른 별 하나는 멀리서 이 둘을 도는 구조로 돼 있는 것으로 관측됐다.이 두 별은 지구에 가까이 있어 맑은 날, 어두운 남반구 밤하늘에서 망원경의 도움 없이 맨눈으로도 볼 수 있다.논문 공동저자인 칠레 과학원 천문학자 페트르 하드라바 박사는 ""이 항성계는 우리가 알고 있는 것 중 가장 가까운 블랙홀을 품고 있다""면서 ""우리가 관측한 것이 맨눈으로도 볼 수 있는 블랙홀을 가진 첫 항성계라는 것을 확인하고는 깜짝 놀랐다""고 했다.HR 6819 블랙홀은 주변 환경과 폭력적으로 상호작용하며 X선을 내뿜지 않아 어두운 우주에서 검은색으로만 보이는 몇 안 되는 항성질량 블랙홀로 확인됐다.연구팀은 그러나 두 별 중 안쪽 별의 궤도를 분석해 질량을 계산했으며, 태양 질량의 적어도 4배 이상 되는 보이지 않는 천체는 블랙홀밖에 없다는 결론을 내렸다.우리 은하에서는 지금까지 20여개의 블랙홀만 발견됐으나 대부분이 강력한 X선을 뿜어내 존재를 확인할 수 있었다. 하지만 우리 은하 역사를 볼 때 진화 마지막 단계에서 초신성으로 폭발해 블랙홀이 된 별은 무수히 많을 것으로 추정돼 왔다.HR 6819 블랙홀은 X선을 내뿜지 않는 조용한 블랙홀들이 어디에 숨어있는지 단서를 제공해 주는 것으로 받아들여지고 있다.리비니우스 박사는 ""우리 은하에 수억개에 달하는 블랙홀이 있는 것이 틀림없지만 관측된 것은 극소수에 불과하다""면서 ""어디를 관측해야 할지를 아는 것은 이를 찾아내는 것을 더 유리하게 만들 것""이라고 했다.연구팀은 이미 또다른 삼중성계인 'LB-1'이 단언하기에는 추가 관측이 필요하지만 HR 6819처럼 블랙홀이 숨어있는 것으로 추정하고 있다. LB-1 블랙홀은 태양 질량의 8배에 달하는 별로 시작해 초신성 폭발을 거쳐 블랙홀이 된 것으로 분석됐다.연구팀은 LB-1 항성계는 HR 6819보다 지구에서 더 멀리 떨어져 있지만 우주 기준으로는 지구에 꽤 근접해 있다면서 이런 구조를 가진 항성계는 빙산의 일각처럼 드러나지만 않았을 뿐 많이 존재할 수 있다고 했다.이번 관측 결과는 또 지구에서 포착될 만큼 강력한 중력파를 방출하는 우주 충돌이나 병합에 관한 새로운 단서를 제공해 줄 수 있는 것으로 지적됐다.중력파는 블랙홀 대 블랙홀 또는 블랙홀 대 중성자별이 충돌할 때 만들어지는 것으로 알려져 있다. 그러나 HR 6819나 LB-1과 비슷한 구조에서는 바깥쪽 별이 안쪽에서 별과 블랙홀이 합쳐 중력파를 방출하도록 촉발하는 중력 작용을 할 수도 있다는 주장도 제기되고 있다.연구팀은 HR 6819나 LB-1의 안쪽 구조가 블랙홀이 하나밖에 없거나 중성자별이 아니지만 삼중성계에서 별의 충돌이 일어나는 방식에 대한 이해를 도울 수 있다고 강조했다.김주리기자 yuffie5@wowtv.co.krⓒ 한국경제TV, 무단 전재 및 재배포 금지",IT/과학
"과학기술정보통신부 제공 과학기술정보통신부 제공

소재 등 산업과 기초과학 연구개발(R&D)을 동시에 지원할 수 있도록 정부가 건설을 추진하고 있는 신규 다목적 방사광가속기 구축사업 부지 후보지가 전남 나주와 충북 청주 두 곳으로 압축됐다.과학기술정보통신부는 신규 다목적 방사광가속기 구축사업 부지 현장확인 대상 후보지로 나주와 청주를 선정했다고 6일 오후 밝혔다. 과기정통부는 두 곳에 대해 7일 비공개 현장 확인을 진행한 뒤 8일 오전 한 곳을 선정해 최종 결과를 발표할 예정이다.다목적 방사광가속기는 강하고 밝은 빛을 생산해 소재 및 부품 구조 파악 등 연구에 활용하는 ‘빛 공장’이다. 국가가과학기술자문회의에서 ‘대형가속기 장기로드맵 및 운영전략’을 의결하면서 신규 가속기 건설이 본격적으로 추진됐다. 기존 방사광가속기만으로는 이용시간(빔타임) 확보가 부족하고, 산업을 지원하는 R&D 전용 설비(빔라인)이 없어 산업 R&D 수요에 대응이 어려워 소재 부품 장비 등 연구에 차질이 생길 수 있다는 문제의식에서 시작됐다.이후 3월 27일 과기정통부가 추진 계획을 공고하면서 이번 방사광가속기 구축사업 부지 선정 과정이 본격화됐다. 강원 춘천시와 경북 포항시, 전남 나주시, 충북 청주시 등 총 4개 지자체가 지난달 8일 유치 의향서를 제출했다. 이들은 4월 21일 지질조사 보고서를 제출하고 같은 달 29일에는 유치계획서를 제출한 뒤 6일 발표 평가를 받았다.춘천시는 서울과 가까운 지리적 이점과 넓은 부지를, 포항시는 3,4세대 방사광가속기를 이미 운영한 경험와 노하우를, 나주시는 안정적인 지반과 부지, 인공지능 관련 인프라를, 청주시는 대전 및 서울과 가까운 지리적 이점과 전문 인력을 각각 장점으로 내세워 왔다.[윤신영 기자 ashilla@donga.com]ⓒ 동아사이언스 콘텐츠 무단 전재 및 재배포 금지",IT/과학
"(사진=PIXABAY)

6일 국회에서 열린 과방위 법안소위의 모습. 코로나19를 고려해 본회의실에서 개최됐다.

6일 오후 김성태 의원이 과방위 법안2소위의 회의 내용에 대해 설명하고 있다.

(지디넷코리아=선민규 기자)글로벌 콘텐츠사업자(CP)를 규제하기 위한 법안이 국회 상임위 법안소위의 문턱을 넘었다. 일정 규모 이상의 CP에게 안정적인 서비스를 제공하도록 의무를 부과하고, 해외 CP에게 국내 대리인을 두도록 하는 내용이 골자다.국내에서 막대한 수익을 올리지만, 책임은 회피하고 있는 페이스북·넷플릭스 등 해외 사업자를 규제할 수 있는 법적 근거를 확보될 수 있을지 관심이 쏠린다.국회 과학기술정보방송통신위원회는 6일 오후 정보통신방송법안심사소위(2소위)를 통해 글로벌CP를 규제하기 위한 ‘전기통신사업법 일부개정안’을 비롯한 다수의 안건에 대해 논의했다.이날 법안소위의 핵심 쟁점인 글로벌CP 규제 방안은 큰 틀에서 사업자에게 안정적인 망 사용에 대한 의무를 부과하되, 통상 문제로 발전할 수 있는 요소는 제외하기로 했다.법안2소위 의장을 맡은 김성태 의원은 “구체적이고 직접적인 내용을 확정하기보다는 큰 흐름을 위해서 수용이 가능한 범위의 법안을 정해 실현 가능성을 높이는 데 초점을 맞췄다”며 “국내 기업의 피해를 줄이면서 해외 사업자에게 정당하게 책임을 부과하겠다는 원칙에서 방향을 정했다”고 설명했다.이 같은 흐름은 신중한 어휘 선택으로도 드러났다. CP에게 ‘망 품질의무’를 부과하는 법안은 ‘서비스의 안정성’을 부과하는 내용으로 순화됐다. 김성태 의원은 “망 품질 의무라는 용어는 CP에게 부담을 줄 수 있는 만큼, ‘서비스 안정성’이라는 용어로 대체하되 실질적인 내용을 취지를 살릴 수 있도록 확정했다”고 말했다.해외 사업자에게 국내 대리인을 지정하도록 의무를 부과하는 방안도 법안소위를 통과했다. 대통령령으로 정하는 기준에 해당하는 해외 사업자에 대해 국내 대리인을 서명으로 지정해 이용자 보호·자료 제출·통계 등을 점검하겠다는 취지다.다만, 해외 사업자에 대한 국내 서버 설치 의무화 및 방송통신위원회에 실태조사 의무 부여 등 법안은 보류됐다. 국회 관계자는 “해외 사업자에 국내 서버 설치를 의무화하는 내용은 통상 마찰을 야기할 수 있는 만큼 무리한 면이 있다고 판단했다”며 “너무 많은 의견이 개진된 탓에 방통위의 실태조사에 관한 내용은 구체적으로 논의되지 못했다”고 전했다.최근 사회적 물의를 일으킨한 ‘N번방’ 사건과 관련한 법안도 법안 소위를 넘었다. 인터넷 공간의 성폭력을 예방하도록 부가통신사가 필터링 등 기술을 도입하고, 역외규정을 도입해 국내 사업자와 글로벌 기업 간 공정성을 기하는 법안이 통과됐다 .김성태 의원은 “해외 사업자에게도 국내 사업자와 동일한 의무를 부여하는 선에서 정리됐다”며 “인터넷 사업자들이 반발하는 부분에 대해 우려된다는 입장도 있었으나 그럼에도 불구하고 개정안을 통해 법적 근거를 확보해야 한다는 점에 합의가 이뤄졌다”고 말했다.이밖에도 ▲소프트웨어산업진흥법 전부개정안 ▲전자서명법 전부개정안 ▲국가정보화기본법 전부개정안 ▲정보통신진흥융합특별법(양자정보통신특별법) 개정안 ▲전기통신사업법 개정안 등이 소위 문턱을 넘었다.SW진흥법은 인력양성, 창업, 연구개발 지원부터 교육까지 SW 생태계 전반을 포괄하는 법안으로 국회에서 1년 6개월이 넘게 표류하고 있는 법안이다. SW 가치를 보장할 수 있도록 공정한 계약과 공공 발주, 원격지 개발 등의 내용도 담아 관련 산업계의 법안 처리 수요가 높은 편이다.전자서명법은 공인인증서를 폐지하고 전자서명 인증 업무의 평가, 인정 제도를 도입하는 내용이 골자다.국가정보화기본법은 인공지능 시대를 앞두고 산업과 인력을 양성하는 정책을 지원하는 법적 근거를 마련하는 법으로 AI 기본 법 제도로 꼽히고 있다.양자정보통신특별법은 기존 법 조항의 정보통신 정의에 양자응용기술을 추가해 정부가 양자 관련 산업을 지원할 수 있는 근거를 마련하고 있다.지난 과방위 전체회의에서 다루지 못했던 전기통신사업법 개정안은 통신요금 인가제 폐지와 알뜰폰 도매 제공 의무사업자 지정 연장 등의 내용이다. 요금 인가제를 폐지하는 대신 유보신고제를 도입한다. 또 알뜰폰 도매 제공 의무제도 유효기간을 2022년 9월22일까지 3년 연장하는 내용도 담겼다.선민규 기자(sun1108@zdnet.co.kr)[Copyrightⓒ메가뉴스 & ZDNet & CNET. 무단전재 및 재배포 금지]",IT/과학
"/사진=뉴스1 /사진=뉴스1

[파이낸셜뉴스] 과학기술정보통신부가 6일 1조원대 차세대 방사광 가속기 설치 후보지를 전남 나주, 충북 청주로 선정했다.과기정통부 방사광가속기 부지선정평가위원회는 이날 대전 인터시티 호텔에서 강원 춘천, 경북 포항, 전남 나주, 충북 청주 등 4개 지방자치단체를 대상으로 방사광가속기 유치 계획 발표 평가를 진행하고 후보지를 두 곳으로 압축했다고 밝혔다.다만 선정되는 후보지 2곳에 대한 구체적인 평가결과와 순위는 공개하지 않았다.방사광가속기는 일종의 최첨단 거대 현미경으로, 태양보다 100경배 밝은 강력한 X선을 활용해 원자 크기의 물질 구조를 분석하는 최첨단 연구시설이다. 기존 현미경으로 볼 수 없는 단백질 구조나 1000조분의 1초에 준하는 찰나의 세포 움직임을 생생하게 볼 수 있다.한국기초과학지원연구원은 이 사업이 고용 13만7000여명, 생산 6조7000억원, 부가가치 2조4000억원을 유발할 것으로 추산했다.과기정통부는 7일 후보지 2곳에 대한 현장 방문 실사를 진행한 뒤 8일 최종적으로 사업 예정지를 발표할 계획이다.※ 저작권자 ⓒ 파이낸셜뉴스. 무단 전재-재배포 금지",IT/과학
"▲포항가속기연구소에 설치돼 있는 4세대 방사광가속기. 1.1km의 직선으로 이뤄져 있다. ▲포항가속기연구소에 설치돼 있는 4세대 방사광가속기. 1.1km의 직선으로 이뤄져 있다.

청주는 전국 어디서나 쉽게 접근이 가능한 입지와 오송생명과학산업단지대·덕연구단지 등 연구 인프라가 인근에 밀집돼 있다는 점을 강점으로 내세웠다.

▲포항공대 가속기연구소와 방사광가속기. 뒷편에 길게 뻗어있는 곳이 방사광가속기이다. 약 1.1km에 이른다.[사진제공=포함공대] ▲포항공대 가속기연구소와 방사광가속기. 뒷편에 길게 뻗어있는 곳이 방사광가속기이다. 약 1.1km에 이른다.[사진제공=포함공대]

[아시아경제 황준호 기자] 차세대 다목적 방사광 가속기 사업의 후보지가 6일 전라남도 나주(가나다 순)와 충청북도 청주로 압축된 가운데, 이틀 뒤 최종 후보지가 결정된다. 정부는 다음날 두 지역에 대한 현장점검을 진행한 뒤, 8일 최종 후보지를 선정한다.과학기술정보통신부는 1조원 규모 방사광 가속기 후보지를 선정을 위한 경쟁 프리젠테이션 결과, 전남 나주와 충북 청주로 후보지를 압축했다. 이 사업에는 강원도 춘천, 경상북도 포항 등 총 4곳이 유치 의향을 밝혔다.정부는 구체적인 평가 결과와 순위는 공개하지 않고 후보지를 압축해 발표했다. 구체적인 선정 이유는 최종 후보지가 선정되는 8일에나 밝혀질 예정이다. 최종 후보지가 선정되면 예비타당성 조사를 거쳐, 2022년부터 사업에 착수해 2028년부터 본격 가동을 시작한다. 정부는 6조7000억원의 경제유발효과와 13만여명의 고용효과가 발생할 것으로 기대하고 있다.각 지자체는 방사광 가속기 유치해 최첨단 과학기술 지역으로 거듭나겠다고 나섰다. 나주는 호남지역 균형 발전과, 방사광 가속기와 지역 내 GIST(광주과학기술원)·전남대·전북대·한전공대(개교 예정) 등 과학기술 대학들과 연계한 연구 성과를 거두겠다며 유치 의향을 밝혔다.새로 건립되는 방사광 가속기는 소재·부품·장비 국산화의 첨병 역할을 할 것으로 예상된다. 방사광 가속기는 가속된 전자가 운동방향이 변할 때 방출하는 고속의 빛(방사광, 고속도 및 고휘도)을 활용해 초미세물질의 세계를 분석하는 '꿈의 현미경'으로 불린다. 나노미터 이하의 반도체 소자 분석, 바이러스 구조 분석, 항바이러스 치료제 개발 등 다양한 분야의 물질 분석에 쓰이고 있다.정부는 지난해 일본의 수출규제 계기로 소재·부품·장비 국산화를 돕기 위해 지난 3월 방사광가속기 구축 계획을 발표했다. 그간 산업계 등에서는 차세대 방사광 가속기의 필요성이 제기됐지만 외산 원자재의 수입이 원활했고 막대한 예산 문제에 실현되지 못한 상황이었다. 국내에서는 포스텍이 3·4세대 가속기(2대)를 운영하고 있지만 늘어나는 수요를 감당하기 어려운 상태로 알려졌다.황준호 기자 rephwang@asiae.co.kr",IT/과학
"17일 오전 서울 종로경찰서에서 아동·청소년의 성보호에 관한 법률 위반 등 혐의와 텔레그램 '박사방'에서 운영자 조주빈을 도와 대화방 운영·관리에 관여한 공범 '부따' 강훈이 탄 차량이 서울 종로경찰서를 나와 서울중앙지방검찰청으로 향하자 시민들이 강력처벌을 촉구하며 피켓시위를 하고 있다. 2020.4.17/뉴스1 © News1 박지혜 기자 17일 오전 서울 종로경찰서에서 아동·청소년의 성보호에 관한 법률 위반 등 혐의와 텔레그램 '박사방'에서 운영자 조주빈을 도와 대화방 운영·관리에 관여한 공범 '부따' 강훈이 탄 차량이 서울 종로경찰서를 나와 서울중앙지방검찰청으로 향하자 시민들이 강력처벌을 촉구하며 피켓시위를 하고 있다. 2020.4.17/뉴스1 © News1 박지혜 기자

민중당 관계자들이 25일 오후 서울 광화문 세종문화회관 앞에서 열린 n번방 입장자 전원처벌 및 성착취 종식을 위한 긴급 정당연설회에 앞서 피켓시위를 벌이고 있다. 2020.3.25/뉴스1 © News1 박지혜 기자 민중당 관계자들이 25일 오후 서울 광화문 세종문화회관 앞에서 열린 n번방 입장자 전원처벌 및 성착취 종식을 위한 긴급 정당연설회에 앞서 피켓시위를 벌이고 있다. 2020.3.25/뉴스1 © News1 박지혜 기자

(서울=뉴스1) 강은성 기자 = 국민적 공분을 자아낸 n번방 사태의 재발을 막기 위해 인터넷사업자의 의무를 강화하는 이른바 'n번방 방지법'이 국회 상임위 법안심사소위원회를 통과했다.6일 오후 국회 과학기술정보방송통신위원회(과방위)는 정보통신방송법안심사소위원회(2소위)를 소집해 n번방 사태 재발방지를 위한 방안을 담은 '정보통신망이용촉진및정보보호등에관한법률 일부개정안'에 대한 심사를 진행해 통과시켰다.이날 상정된 개정안은 각각 박광온, 백혜련, 이원욱, 한정애 의원(이상 더불어민주당)이 발의한 법률로, 인터넷사업자들이 성착취물 등 디지털성범죄물의 유통을 적극적으로 차단하고 이를 사전에 걸러낼 수 있는 '필터링 기술'을 적용하는 등 기술적 의무를 다해야 한다는 내용을 담고 있다.이날 회의에서는 이같은 법 개정안이 콘텐츠 열람이나 감시 권한이 없는 사업자에게 의무에 대한 부담만 키우는 개정안이라며 반대의견도 있었다. 하지만 디지털성범죄물의 경우 제작 과정에서 성착취, 성폭행 등 잔혹한 범죄가 발생할 뿐만 아니라 이 영상물이 유통됐을때 이를 완전히 삭제하는 것이 극히 어렵고 이로 인해 피해자가 2차, 3차 피해를 입기 때문에 이를 적극적으로 보호해야 할 필요가 있다는 의견이 설득력을 얻었다.실제 방송통심심의위원회가 지난 2016년부터 4년간 심의한 해외사업자의 디지털성범죄물은 총 8만5818건에 달하는데 이중 구글 등 해외사업자가 자발적으로 삭제한 디지털 성범죄물은 8만5818건 중 32%인 2만7461건에 그치고 있다. 나머지 5만8357건은 버젓이 온라인에 남아 유통되며 피해자를 괴롭히고 있다.이에 방심위는 차단하지 못한 68% 디지털성범죄물에 대해 접속을 차단했지만 우회프로그램 등을 통하면 접속 자체를 완전히 차단할 수는 없는 맹점을 보이고 있다. 즉 정부가 심의해 디지털성범죄에 해당하는 중대한 불법영상물임을 통보해도 이를 사업자가 삭제하는 비율이 10건중 3건 정도에 그치는 셈이다.이에 인터넷사업자의 의무를 강화해 행정심의 결과 삭제 명령이 내려진 콘텐츠는 조속히 삭제하도록 하고 불법 콘텐츠가 유통되지 못하도록 필터링 등의 기술적 조치를 취하도록 법을 개정해 의무조항을 넣는 것이다.법안심사소위를 통과한 안건은 오는 7일 오전 과방위 전체회의에 상정될 예정이며 이변이 없는 한 상임위도 통과될 것으로 보인다. 이럴 경우 법제사법위원회를 거쳐 오는 8일로 예정된 국회 본회의에서 최종 확정될 가능성이 높다.이와 관련 국내 인터넷업계는 크게 반발하고 있다.이번 n번방 사태를 초래한 텔레그램의 경우 해외 사업자이고 소재지도 불분명해 사실상 행정력이 닿지 않고 국내법을 지키지도 않는데 이들에게 의무를 부과해봤자 실효성이 극히 낮다는 것이다.정작 문제가 되는 해외사업자는 제재할 방법도 없는데, 해당 법에 적용을 받는 국내사업자들만 과도한 의무를 떠 안게 되고 이로 인해 또 다른 역차별을 받는다는 것이 인터넷사업자들의 주장이다.이와 관련 구태언 법무법인 린 변호사는 ""범죄자가 플랫폼에서 불법 촬영물을 유통한다고 해서 플랫폼 서비스 자체를 불법으로 볼 수 없다""며 ""n번방 방지법이 국내 플랫폼에 대한 역차별을 강화하면 국내 이용자들도 해외 플랫폼으로 빠져나가게 될 것이며 아는 국가 데이터가 해외로 빠져나가는 악순환을 만들어낸다""고 비판했다.그는 ""불가피하지 않은 민민감시 의무부여는 위헌""이라며 ""국가의 범죄억지력을 강화하고 성착취물 범죄에 대한 감청허용, 잠입수사의 법제화 등이 이뤄져야 한다""고 말했다. 그러면서 ""n번방 사건은 형사사건으로 행정부처인 방송통신위원회가 아니라 법무부와 경찰청이 나서서 범죄 예방정책을 선도해야 할 영역""이라고 덧붙였다.esther@news1.kr© 뉴스1코리아( news1.kr ), 무단 전재 및 재배포 금지",IT/과학
"블랙홀을 품은 삼중성계 HR 6819 상상도 [ESO/L. Calcada 제공/ 재판매 및 DB 금지] 블랙홀을 품은 삼중성계 HR 6819 상상도 [ESO/L. Calcada 제공/ 재판매 및 DB 금지]

블랙홀 도는 짝별 맨눈으로도 보여…항성질량 블랙홀 '빙산의 일각' 증거(서울=연합뉴스) 엄남석 기자 = 지구에서 약 1천광년밖에 떨어지지 않은 곳에서 맨눈으로도 볼 수 있는 두 개의 짝별을 동반한 항성질량 블랙홀이 관측돼 학계에 보고됐다.우리은하 내에서 발견된 블랙홀은 20여개에 불과하며, 이 블랙홀은 지금까지 관측된 것 중 가장 가까운 블랙홀로 기록됐다.유럽남방천문대(ESO)에 따르면 이 천문대 소속 천문학자 토마스 리비니우스 박사가 이끄는 연구팀은 칠레 라 시쟈 관측소의 MPG/ESO 2.2m 망원경으로 관측한 결과를 과학저널 '천문학 및 천체물리학'(Astronomy & Astrophysics) 최신호에 발표했다.이 블랙홀은 지구에서 약 1천광년 떨어진 망원경자리에서 'HR 6819'로 알려진 쌍성계를 관찰하다가 발견했다.두 별 중 안쪽 별이 40일 주기로 숨겨져 있는 블랙홀을 돌고 다른 별 하나는 멀리서 이 둘을 도는 구조로 돼 있는 것으로 관측됐다.이 두 별은 지구에 가까이 있어 맑은 날, 어두운 남반구 밤하늘에서 망원경의 도움 없이 맨눈으로도 볼 수 있다.논문 공동저자인 칠레 과학원 천문학자 페트르 하드라바 박사는 ""이 항성계는 우리가 알고 있는 것 중 가장 가까운 블랙홀을 품고 있다""면서 ""우리가 관측한 것이 맨눈으로도 볼 수 있는 블랙홀을 가진 첫 항성계라는 것을 확인하고는 깜짝 놀랐다""고 했다.HR 6819 블랙홀은 주변 환경과 폭력적으로 상호작용하며 X선을 내뿜지 않아 어두운 우주에서 검은색으로만 보이는 몇 안 되는 항성질량 블랙홀로 확인됐다.연구팀은 그러나 두 별 중 안쪽 별의 궤도를 분석해 질량을 계산했으며, 태양 질량의 적어도 4배 이상 되는 보이지 않는 천체는 블랙홀밖에 없다는 결론을 내렸다.우리 은하에서는 지금까지 20여개의 블랙홀만 발견됐으나 대부분이 강력한 X선을 뿜어내 존재를 확인할 수 있었다. 하지만 우리 은하 역사를 볼 때 진화 마지막 단계에서 초신성으로 폭발해 블랙홀이 된 별은 무수히 많을 것으로 추정돼 왔다.HR 6819 블랙홀은 X선을 내뿜지 않는 조용한 블랙홀들이 어디에 숨어있는지 단서를 제공해 주는 것으로 받아들여지고 있다.리비니우스 박사는 ""우리 은하에 수억개에 달하는 블랙홀이 있는 것이 틀림없지만 관측된 것은 극소수에 불과하다""면서 ""어디를 관측해야 할지를 아는 것은 이를 찾아내는 것을 더 유리하게 만들 것""이라고 했다.연구팀은 이미 또다른 삼중성계인 'LB-1'이 단언하기에는 추가 관측이 필요하지만 HR 6819처럼 블랙홀이 숨어있는 것으로 추정하고 있다. LB-1 블랙홀은 태양 질량의 8배에 달하는 별로 시작해 초신성 폭발을 거쳐 블랙홀이 된 것으로 분석됐다.연구팀은 LB-1 항성계는 HR 6819보다 지구에서 더 멀리 떨어져 있지만 우주 기준으로는 지구에 꽤 근접해 있다면서 이런 구조를 가진 항성계는 빙산의 일각처럼 드러나지만 않았을 뿐 많이 존재할 수 있다고 했다.이번 관측 결과는 또 지구에서 포착될 만큼 강력한 중력파를 방출하는 우주 충돌이나 병합에 관한 새로운 단서를 제공해 줄 수 있는 것으로 지적됐다.중력파는 블랙홀 대 블랙홀 또는 블랙홀 대 중성자별이 충돌할 때 만들어지는 것으로 알려져 있다. 그러나 HR 6819나 LB-1과 비슷한 구조에서는 바깥쪽 별이 안쪽에서 별과 블랙홀이 합쳐 중력파를 방출하도록 촉발하는 중력 작용을 할 수도 있다는 주장도 제기되고 있다.연구팀은 HR 6819나 LB-1의 안쪽 구조가 블랙홀이 하나밖에 없거나 중성자별이 아니지만 삼중성계에서 별의 충돌이 일어나는 방식에 대한 이해를 도울 수 있다고 강조했다.eomns@yna.co.kr",IT/과학
"지난달 23일 오후 강원 춘천시청 대회의실에서 열린 제2회 강원 미래 과학 포럼에서 최문순 강원도지사, 이재수 춘천시장, 허영 춘천갑 국회의원 당선인을 비롯한 관계자들이 방사광 가속기 유치 호소 퍼포먼스를 진행하고 있다. 2020.4.23/뉴스1 © News1 김경석 기자 지난달 23일 오후 강원 춘천시청 대회의실에서 열린 제2회 강원 미래 과학 포럼에서 최문순 강원도지사, 이재수 춘천시장, 허영 춘천갑 국회의원 당선인을 비롯한 관계자들이 방사광 가속기 유치 호소 퍼포먼스를 진행하고 있다. 2020.4.23/뉴스1 © News1 김경석 기자

(춘천=뉴스1) 이찬우 기자,김경석 기자 = 1조원 규모 대규모 국책사업인 방사광가속기 후보지 탈락에 강원도와 춘천 시민단체 등이 허탈감을 감추지 못하면서 강원 홀대론 주장이 제기되고 있다.과학기술정보통신부는 대전 유성구 인터시티호텔에서 열린 다목적 방사광가속기 부지선정평가위원회에서 최종 유치 후보지로 전남 나주와 충북 청주로 압축했다고 6일 밝혔다.수도권과 1시간 내 접근성과 전국 최저 지진 발생률 등 안정성을 주장하며 방사광가속기 유치에 나섰던 강원도와 춘천시민과 시민단체들이 허탈감을 표했다.도 관계자는 ""수도권 접근성과 자연 재해로부터 안전한 부분에 대해 높은 점수가 부여 될 것으로 기대했지만 최종 후보지에 오르지 못해 아쉽게 됐다""며 ""기회가 된다면 이후 국가사업에 국가 균형발전을 고려한 지역적 배려가 필요하다""고 강조했다.특히 춘천 지역에서는 '물을 줬으니 빛을 달라'라는 슬로건으로 상수원보호규제로 개발제한을 받아온 만큼 해당 장비를 통해 춘천 바이오산업 발전을 꾀했지만 후보지 탈락에 아쉬운 입장이다.광판1리 한 주민은 ""우리 지역이 방사광가속기 사업 예정부지 였다. '광판'이라는 지명은 '빛 언덕'이라는 의미다. 지명에 맞게 춘천에 방사광가속기가 유치됐으면 하는 바램이 있었지만 아쉽게 탈락했다""고 말했다.오동철 춘천시민사회네트워크 사무국장은 ""상수원보호구역으로 수도권에 제한을 많이 받았는데 지역 균형발전도 고려하지 않은 채 탈락 시킨 것에 대해 강원도민과 시민들이 분개할 수밖에 없다""고 말했다.이어 ""춘천이 지진율도 전국 최저, 수도권과도 40분 내외로 탈락될 이유가 없다. 이는 정치적인 힘이 작용한 것으로 밖에 보이진 않는다""며 ""이번 방사광가속기 탈락은 강원 홀대론을 면밀히 보여준 사례다""고 지적했다.kks10190@news1.kr© 뉴스1코리아( news1.kr ), 무단 전재 및 재배포 금지",IT/과학
"[서울경제] 넷플릭스의 망 무임승차와 텔레그램의 불법 촬영물 유통을 막는 법안이 국회 7부 능선을 넘었다. 이 법안들은 7일 과방위 전체회의에 상정한 뒤 본회의 절차를 거치게 된다.국회 과학기술정보방송통신위원회는 6일 정보통신방송법안심사소위원회를 열고 넷플릭스 무임승차 규제법과 n번방 방지법을 통과시켰다.넷플릭스 무임승차 규제법(전기통신사업법 개정안·정보통신망법 개정안)은 콘텐츠 사업자(CP)에 통신 품질 유지 의무를 부과하는 내용을 담고 있다. 해외 CP들도 국내 대리인을 지정해야 한다. 해외 CP들이 서비스 품질을 유지하지 위한 기술적 조치를 취하도록 하고 국내 서버 설치를 의무화하는 등의 내용이 포함돼있다. 넷플릭스 등 글로벌 업체들이 국내에서 막대한 수익을 거두고 있지만 망 사용료를 부담하지 않는 것에 대한 대응책으로 나온 개정안이다.통신망을 깔고 CP들에게 사용료를 받는 인터넷서비스제공자(ISP)들은 규제 공백을 해소하기 위해 필수적인 개정안이라는 입장이다.망 사용료를 내지 않은 채 국내에서 과도한 트래픽을 유발하고 있는 넷플릭스가 SK브로드밴드에 오히려 소송까지 제기한 것도 국내에 아직 적절한 규제가 마련돼있지 않기 때문이다. 이와 관련 이미 방송통신위원회는 통신사가 글로벌 CP에 망 사용료를 요구할 수 있다는 취지로 중재안을 정리한 것으로 알려졌다. 양측이 모두 이용자에게 요금을 받고 서비스를 제공하는 만큼 품질 유지에 공동의 책임이 있다는 방통위 측의 해석이다. 다만 넷플릭스가 방통위 중재안이 발표되기 전 SKB를 상대로 소송을 제기하면서 중재의 실효성이 사라졌다.통신 업계 관계자는 “이 개정안들은 소비자를 위해 거대한 CP의 책임을 인정하는 것으로 스타트업과는 무관하다”며 “공정한 거래를 규율하기 위한 것”이라고 밝혔다.n번방 방지법(정보통신망법 개정안) 역시 국회 법안소위 문턱을 넘었다. 이는 인터넷 사업자들에게 불법 촬영물 유통 방지 의무를 부과하고 이를 제대로 이행하지 못할 경우 처벌하는 내용이다. 성 범죄물을 방치하고 있다는 비판을 받는 텔레그램의 행태가 반복되지 않도록 하기 위한 조치다. 법안이 본회의까지 통과하게 되면 SNS(소셜네트워크서비스)나 인터넷 카페 등에서 올라오는 불법 촬영물을 사전 검열을 통해 삭제해야 한다.다만 막상 n번방 문제가 터진 텔레그램은 개정안으로 규제할 수 없다는 문제가 있다. 텔레그램은 국내에서 부가통신사업을 신고하지 않아 법 적용을 강제하기 어렵기 때문이다. 이에 따라 네이버와 카카오 등 국내 사업자들은 국내 기업의 책임만 늘어난다고 비판하고 있다. /권경원기자 nahere@sedaily.com저작권자 ⓒ 서울경제, 무단 전재 및 재배포 금지",IT/과학
"6일 국회에서 열린 과방위 법안소위 6일 국회에서 열린 과방위 법안소위

[아이뉴스24 민혜정, 송혜리 기자] 글로벌 콘텐츠업체(CP)에 망 안정성 의무를 부과하고, 이용자 보호를 위해 대리인을 두도록 한 법안이 막바지 20대 국회 과학기술정보방송통신위원회 법안심사소위원회 문턱을 통과했다.아울러 포털 등 인터넷 사업자에 디지털 성범죄물 유통 방지 의무를 강화한 'n번방 방지법'도 소위를 통과했다.6일 국회 과방위는 법안소위를 열고 국내에서 사업하는 해외 CP도 국내 망 안정화에 의무가 있다는 내용의 전기통신사업법 개정안을 처리했다.김성태 의원(미래통합당)은 ""글로벌 CP관련 법안은 '수용 가능한 범위'에 초점을 맞췄다""며 ""과도하게 진행해서 실현 가능성 없이 추진하는 것 보다 실현 가능성을 높이면서 국내 업체 피해를 줄이고, 해외 사업자들에 정당한 의무를 부과하는 방향으로 진행했다""고 말했다.이날 상정된 해외 CP관련 법안은 총 5건으로 '해외 CP로 인한 국내 이용자 불편방지'가 목적이다. 이에 ▲국내 서버 설치 의무화 ▲국내 품질 유지 의무화 ▲국내 대리인 지정 ▲국내 ISP와 협상에서 부당하게 거부하는 행위 금지 ▲방통위 차원 통신망 제공 현황 실태조사 실시와 공표 의무화 등이 주요 골자로 담겼다.이 중 글로벌 CP의 망 품질 유지 의무, 국내 대리인 지정 의무 등은 이날 과방위 법안 소위 문턱을 넘었다. 하지만 글로벌 CP에 국내 서버 설치를 의무화하고, 실태조사를 위한 자료를 의무제공하도록 한 법률안은 보류됐다.다만 과방위 법안소위는 '망 품질'이라는 단어 대신 '안정성'이라는 단어로 교체했다. 김성태 의원은 ""법안 취지는 살리면서도 실현가능성을 살리는데 중심을 뒀다""고 설명했다.이에 통신 업계는 ""관련 내용이 법안소위에 상정됐다는 것 자체로도 의미가 있다""며 기대감을 드러냈다.그간 국내 통신 업계는 페이스북, 넷플릭스와 망 품질, 망 사용료를 놓고 분쟁을 겪어왔다. 게다가 넷플릭스는 국내 망 사용료를 요구하는 SK브로드밴드를 상대로 서울중앙지방법원에 소송을 제기한 상태다.통신 업계 관계자는 ""물론 본회의가 남아있는 상태지만, 그간 특정 사업자의 엄청난 트래픽을 해결하는 방안이 없는 상태였다""며 ""해당 안건을 놓고 사업자간 평행선을 이뤘기 때문에 분쟁 해결을 위한 소모적인 시간이 줄어들고 이용자 편의도 개선되는 효과가 있을 것으로 기대된다""고 말했다.통신요금 인가제 폐지, 알뜰폰에 대한 도매제공의무사업자 지정 제도 유효기간 연장 등을 담은 법안도 원안대로 가결됐다.정부, 이은권, 변재일, 김성태, 박선숙 의원이 대표 발의한 '전기통신사업법 일부개정법률안'은 통신 요금 인가제 폐지가 골자다.그간 과기정통부는 통신시장 경쟁 도입 초기 시장지배적 사업자의 약탈적 요금인하를 방지함으로써 후발사업자를 보호하기 위해 요금인가제를 운영하고 있다.하지만 최근 정부로부터 인가받은 시장지배적 사업자 요금제를 후발사업자들이 따라하는 행태가 빈번하게 나타나는 등 요금인가제가 오히려 요금경쟁을 제한한다는 지적이 있어왔다. 이로 인해 그간 '요금인가제는 정부가 주도하는 요금담합'이라는 비판도 적지않았다.이번 법안 통과로 현행 요금인가제를 폐지하고, 요금제 신고 역시 기간통신사업자가 요금 등 이용약관을 과기정통부 장관에 서면 또는 전자문서로 제출하면 요금 신고 절차가 신속하게 완료될 수 있도록 규제가 개선될 전망이다.아울러 알뜰폰에 대한 도매제공의무사업자 지정 제도 유효기간 연장 등을 담은 '전기통신사업법 일부개정법률안'도 원안대로 가결됐다.지난해 7월 정부가 제안한 이 개정안은 통신사가 알뜰폰에 통신망을 도매함에 있어 도매제공의무사업자(SK텔레콤)를 지정하고, 이 도매제공의무사업자 유효기간을 오는 2022년 9월 22일까지 3년간 연장하는 게 골자.도매제공의무사업자는 다른 전기통신사업자의 요청이 있는 경우, 다른 전기통신사업자에게 자신의 전기통신서비스를 제공하거나 전기통신서비스의 제공에 필요한 전기통신설비의 전부 또는 일부를 이용하도록 허용해야 한다.인터넷 사업자의 책임을 강화하는 'n번방 방지법'도 소위원회를 통과했다.과방위 관계자는 ""사업자 책임 의무를 강화하는 n번방 방지법이 통과됐다""며 ""이원욱 의원이 대표 발의한 안이 골자가 됐다""고 말했다.이원욱 의원이 대표 발의한 정보통신망법·전기통신사업법 개정안은 아동·청소년이용음란물이 올라올 경우 삭제·접속차단하는 유통방지 조치 의무, 디지털 성범죄물 유통 방지 기술적·관리적 조치 의무 등을 골자로 한다.그러나 인터넷 업계는 이용자간 대화를 검열할 수 있고, 국내업체에만 규제가 적용될 수 있다는 이유로 이 같은 n번방 방지법에 반발해 왔다. 향후 국회 처리 과정에서 잡음이 이어질 전망이다.김성태 의원은 ""20대 국회에서 가장 많은 성과가 있었던 회의라 본다""며 ""아쉬운 부분도 많았지만 국익에 도움 될수 있는 다양한 법안들을 오늘 심도있는 논의를 통해 이끌어 낼 수 있었다""고 평가했다.[ⓒ 아이뉴스24 무단전재 및 재배포 금지]",IT/과학
"[디지털데일리 이종현기자] 공공시설을 이용하거나 공공기관 운영 강좌 수강을 신청할 때 본인 동의를 받아 자격 여부를 확인하고 요금을 감면해주는 비대면 자격확인 서비스 확산에 속도가 붙을 전망이다.행정안전부는 공공시설 이용요금 감면 자격확인 서비스 구축을 위한 재정지원 공모사업에 응모한 충남, 울산 등 26개 기관에 특별교부세 총 10억원을 지원한다고 6일 밝혔다.‘공공시설 이용요금 감면 자격확인 서비스’는 지자체 및 지방공사(단)이 운영하는 체육센터, 문화시설, 휴양림 등 공공시설 이용자가 자격증명 서류를 제출하지 않아도 온라인 신청 시 본인이 동의하면 법정 감면자격 여부를 확인해 요금을 감면해주는 비대면 서비스다.공용주차장 입·출차 차량의 경우 차량번호를 자동으로 인식해 장애인 및 국가유공자, 경차, 친환경차 등 법정 감면대상 차량에 해당되는 경우 즉시 주차요금을 감면해주는 방식도 진행된다.박상희 행안부 공공데이터정책관은 “코로나19로 생활화되고 있는 비대면 업무 환경에서 자격확인 서비스는 국민이 직접 체감할 수 있는 대표적인 비대면 서비스의 디지털 정부혁신 사례”라며 “더 많은 국민이 편리함을 누릴 수 있도록 지자체와 합심해 서비스 적용 지역 및 분야를 확대해나가겠다”고 말했다.bell@ddaily.co.kr",IT/과학
"기사 섹션 분류 안내

기사의 섹션 정보는 해당 언론사의 분류를 따르고 있습니다. 언론사는 개별 기사를 2개 이상 섹션으로 중복 분류할 수 있습니다.

닫기",IT/과학
"넷플릭스와 유튜브, 페이스북 등에게 국내 이용자를 위한 ‘서비스 안정성’을 유지할 책임을 부과하는 이른바 ‘넷플릭스 무임승차 예방 법안’, 인터넷 사업자에게 디지털 성범죄물 유통 방지 의무를 강화하는 이른바 ‘n번방 방지 법안’이 6일 20대 국회 마지막 법안 심사 소위의 문턱을 넘었다.국회 과학기술정보방송통신위원회(과방위)는 6일 정보통신방송법안심사소위원회를 열어 이와 같은 내용의 정보통신사업법과 정보통신망법 개정안을 7일 열리는 과방위 전체회의에 상정하는 안을 의결했다.이날 논의된 정보통신사업법 개정안에 따르면 이용자 수와 트래픽 발생량 등이 일정한 기준을 넘는 인터넷 서비스 기업은 적절한 통신망 용량을 확보하는 등, 전기 통신 서비스의 ‘서비스 안정성’을 유지하기 위해 기술적 조치와 관리 조치를 해야 할 의무를 진다. 또 해외 기업도 국내 시장에서 사업을 하면 국내 이용자 보호를 위해 대리인을 지정해야 한다.또 이 법과 함께 논의된 정보통신망법 개정안은 정보통신(인터넷)서비스 사업자가 운영하는 서비스에 성폭력범죄처벌법에 위배되는 음란물이나 아동이나 청소년을 이용해 만든 음란물이 올라오면 이를 삭제하거나 접속차단하는 유통방지 조치 의무를 부과토록 했다.이날 소위에서는 기존 액티브X(active X) 기반의 공인인증서가 아닌 다른 기술을 사용한 인증서도 공인인증서와 같은 효력을 인정하는 전자서명법 개정안 등 다른 법안들도 전체회의 상정이 의결됐다.이들 법안이 원안대로 전체회의를 통과하고 다음 주로 예정된 국회 본회의도 통과하게 되면 넷플릭스와 유튜브 등 해외 기업은 네이버 등 국내 기업과 마찬가지로 통신 회사에 통신망 유지 비용을 일부 내게 될 수 있다.또 모바일 메신저나 인터넷 카페 등에 아동이나 청소년이 등장하는 음란물이 나오지 않도록 인터넷 기업들은 대책을 강구해야 한다.[정철환 기자 @chosun.com]- Copyrights ⓒ 조선일보 & chosun.com, 무단 전재 및 재배포 금지 -",IT/과학
